linea;mezzo;percorso;verso;nome;tipo_perc;lung_km;num_ferm;LONG_X_4326_CENTROID;LAT_Y_4326_CENTROID;Location
"1";TRAM;"10735";As;Greco - Certosa F.S.;Barrato;"12.29";"43";9.17562355733899;45.4824387034764;"(45.4824387034764, 9.17562355733899)"
"1";TRAM;"10737";Di;Certosa F.S. - Greco;Barrato;"12.16";"43";9.17584394397949;45.4821425724802;"(45.4821425724802, 9.17584394397949)"
"1";TRAM;"12560";Di;Roserio - Greco;Canonico;"13.82";"48";9.16974100864054;45.4859750999686;"(45.4859750999686, 9.16974100864054)"
"1";TRAM;"9457";As;Greco - Roserio;Canonico;"13.97";"47";9.16941433348214;45.4863116993079;"(45.4863116993079, 9.16941433348214)"
"10";TRAM;"14034";As;Lunigiana - 6 Febbraio (LAV. Genova/Colombo);Canonico;"5.57";"22";9.18360668441335;45.4833052978317;"(45.4833052978317, 9.18360668441335)"
"10";TRAM;"14035";Di;6 Febbraio -  Lunigiana - (LAV. Genova/Colombo);Canonico;"5.54";"22";9.18312600984227;45.4831387652415;"(45.4831387652415, 9.18312600984227)"
"115";BUS;"13785";As;Gratosoglio - P.za Diaz (CHIUSURA P.ZA VELASCA);Canonico;"7.48";"21";9.17954274803622;45.434493658328;"(45.434493658328, 9.17954274803622)"
"115";BUS;"13786";Di;P.za Diaz - Gratosoglio (CHIUSURA P.za VELASCA);Canonico;"7.83";"21";9.17944323973994;45.4344089574427;"(45.4344089574427, 9.17944323973994)"
"12";TRAM;"12574";As;Roserio - Molise;Canonico;"13.04";"40";9.17172940655652;45.4836032430616;"(45.4836032430616, 9.17172940655652)"
"12";TRAM;"4282";Di;Molise - Roserio;Canonico;"12.99";"41";9.1710179375591;45.4840603592944;"(45.4840603592944, 9.1710179375591)"
"121";BUS;"13985";Di;S.Giuliano M. (Stz F.S.) - Stz S.Donato M3;Canonico;"6.40";"15";9.26609308320216;45.4124548258505;"(45.4124548258505, 9.26609308320216)"
"121";BUS;"13986";Di;S.Giuliano M. (De Nicola) - Stz S.Donato M3;Barrato;"6.14";"14";9.26567184692054;45.4144462388795;"(45.4144462388795, 9.26567184692054)"
"121";BUS;"13987";As;Stz S.Donato M3 - S.Giuliano M (Stz F.S.);Canonico;"6.41";"13";9.26625945932254;45.4119601517465;"(45.4119601517465, 9.26625945932254)"
"121";BUS;"13988";As;Stz S.Donato M3 - S.Giuliano M (De Nicola);Barrato;"6.13";"12";9.26582639080855;45.4140259540441;"(45.4140259540441, 9.26582639080855)"
"124";BUS;"13787";As;Vigentino - Duomo (CHIUSURA P.ZA VELASCA);Canonico;"5.46";"16";9.19807586028296;45.4411585748551;"(45.4411585748551, 9.19807586028296)"
"124";BUS;"13788";Di;Duomo - Vigentino (CHIUSURA P.ZA VELASCA);Canonico;"5.77";"17";9.19816091944115;45.4418436403672;"(45.4418436403672, 9.19816091944115)"
"125";BUS;"10011";As;Centrale FS M2 M3 - Cadorna FN M1 M2;Canonico;"5.72";"9";9.18067264796794;45.4805971659072;"(45.4805971659072, 9.18067264796794)"
"125";BUS;"10294";Di;Cadorna FN M1 M2 - Centrale FS M2 M3;Canonico;"11.03";"26";9.19186086249187;45.4631138143877;"(45.4631138143877, 9.19186086249187)"
"126";BUS;"9970";As;Centrale FS M2 M3 - Cadorna FN M1 M2;Canonico;"10.87";"26";9.19170067727802;45.4627560919622;"(45.4627560919622, 9.19170067727802)"
"126";BUS;"9971";Di;Cadorna FN M1 M2 - Centrale FS M2 M3;Canonico;"5.26";"9";9.18037853001007;45.4813040633905;"(45.4813040633905, 9.18037853001007)"
"127";BUS;"13789";As;Ungheria - P.za Diaz (CHIUSURA P.ZA VELASCA);Canonico;"7.23";"24";9.22773161563329;45.457772455843;"(45.457772455843, 9.22773161563329)"
"127";BUS;"13790";Di;P.za Diaz - Ungheria (CHIUSURA P.ZA VELASCA);Canonico;"8.08";"24";9.22821281283017;45.4568445440939;"(45.4568445440939, 9.22821281283017)"
"130";BUS;"12176";As;S.Donato M3 - S.Giuliano M.se (mercato sabato);Barrato;"10.32";"26";9.28328611439911;45.40607449211;"(45.40607449211, 9.28328611439911)"
"130";BUS;"12177";As;S.Donato M3 - S.Giuliano M.se;Canonico;"9.68";"27";9.28229107165193;45.4065747240931;"(45.4065747240931, 9.28229107165193)"
"130";BUS;"12178";Di;S.Giuliano M.se - S. Donato M3;Canonico;"9.85";"27";9.28334413772365;45.4058007964324;"(45.4058007964324, 9.28334413772365)"
"130";BUS;"12179";Di;S.Giuliano M.se - S. Donato M3 (mercato sabato);Barrato;"10.73";"26";9.28439396168162;45.4050732085495;"(45.4050732085495, 9.28439396168162)"
"132";BUS;"11825";Di;S. Donato (Di Vittorio) - S. Donato M3 (Marignano);Canonico;"8.91";"25";9.26446006017117;45.4191303626979;"(45.4191303626979, 9.26446006017117)"
"132";BUS;"12196";As;S. Donato M3 (Marignano) - S. Donato ( Di Vittorio);Canonico;"6.62";"19";9.26524824683231;45.4145578295359;"(45.4145578295359, 9.26524824683231)"
"14";TRAM;"12603";As;Cim. Maggiore - Lorenteggio;Canonico;"14.45";"43";9.15555009732849;45.4698584606022;"(45.4698584606022, 9.15555009732849)"
"14";TRAM;"12625";Di;Lorenteggio - Cim. Maggiore;Canonico;"14.33";"46";9.15583100143228;45.4707037804114;"(45.4707037804114, 9.15583100143228)"
"140";BUS;"12073";Di;Cefalonia - Rogoredo;Canonico;"16.04";"32";9.24951658488692;45.4070277789277;"(45.4070277789277, 9.24951658488692)"
"140";BUS;"12074";As;Rogoredo - Cefalonia;Canonico;"15.60";"29";9.24843362272219;45.4067941082296;"(45.4067941082296, 9.24843362272219)"
"15";TRAM;"9901";Di;Dogana M1 M3 - Rozzano Via G. Rossa;Canonico;"11.78";"32";9.17388760105661;45.4140400329759;"(45.4140400329759, 9.17388760105661)"
"15";TRAM;"9902";Di;Porta Lodovica - Rozzano Via G. Rossa;Barrato;"10.27";"28";9.1719427007145;45.4079306594346;"(45.4079306594346, 9.1719427007145)"
"15";TRAM;"9903";As;Rozzano Via G. Rossa - Dogana M1 M3;Canonico;"11.39";"32";9.17444997048822;45.4147701720185;"(45.4147701720185, 9.17444997048822)"
"15";TRAM;"9904";As;Rozzano Via G. Rossa - Giambologna/Tabacchi;Barrato;"9.69";"27";9.17232373872161;45.4079503206471;"(45.4079503206471, 9.17232373872161)"
"151";BUS;"11202";Di;Cairoli M1 - Q.re Olmi;Canonico;"11.85";"27";9.12657602229072;45.460875557892;"(45.460875557892, 9.12657602229072)"
"151";BUS;"12453";As;Q.re Olmi - Cairoli M1;Canonico;"10.02";"23";9.12951709524669;45.461482194475;"(45.461482194475, 9.12951709524669)"
"151";BUS;"13540";As;Molino Dorino M1 - Sesto FS;Canonico;"22.08";"35";9.17520029511948;45.4900692699363;"(45.4900692699363, 9.17520029511948)"
"151";BUS;"13791";Di;Sesto FS - Molino Dorino (CHIUSURA P.ZA VELASCA);Canonico;"21.84";"35";9.17615248749018;45.4896887639974;"(45.4896887639974, 9.17615248749018)"
"152";BUS;"14042";As;C.na Gobba - P.za Abbiategrasso (nM2)(LAV. CHIUSURA CARDUCCI + Lav Genova - colombo));Canonico;"24.25";"27";9.19523615276808;45.4691286270024;"(45.4691286270024, 9.19523615276808)"
"152";BUS;"14044";Di;P.za Abbiategrasso - C.na Gobba (nM2)(LAV. CHIUSURA CARDUCCI)+(LAV.C.na GOBBA e lav genova));Canonico;"24.92";"28";9.19812352264443;45.4705365618855;"(45.4705365618855, 9.19812352264443)"
"153";BUS;"13991";Di;Comasina M3 - San Donato M3;Canonico;"21.27";"29";9.20544793756392;45.4686953984377;"(45.4686953984377, 9.20544793756392)"
"153";BUS;"14000";As;San Donato - Comasina (CHIUSURA P.ZA VELASCA);Canonico;"19.80";"30";9.20585580206252;45.4671852652602;"(45.4671852652602, 9.20585580206252)"
"154";BUS;"13870";As;Linate Aeroporto M4 - Duomo M1 M3;Canonico;"8.23";"12";9.23305505291902;45.4642462157836;"(45.4642462157836, 9.23305505291902)"
"154";BUS;"13871";Di;Duomo M1 M3 - Linate Aeroporto M4;Canonico;"8.48";"11";9.23188037354221;45.4640441421216;"(45.4640441421216, 9.23188037354221)"
"16";TRAM;"12162";As;M.te Velino - S.Siro;Canonico;"10.17";"35";9.17694465522051;45.4636385957768;"(45.4636385957768, 9.17694465522051)"
"16";TRAM;"12163";As;M.te Velino - De Angeli;Barrato;"7.62";"26";9.19034095069567;45.4602002613628;"(45.4602002613628, 9.19034095069567)"
"16";TRAM;"13283";Di;S.Siro - M.te Velino;Canonico;"10.46";"35";9.17678335346172;45.4636837624264;"(45.4636837624264, 9.17678335346172)"
"16";TRAM;"7793";As;De Angeli - S.Siro;Barrato;"2.60";"10";9.13660677444696;45.4739100644578;"(45.4739100644578, 9.13660677444696)"
"16";TRAM;"7796";Di;S.Siro - De Angeli;Barrato;"2.75";"10";9.13582115324681;45.4740188648556;"(45.4740188648556, 9.13582115324681)"
"164";BUS;"14022";Di;Negrelli - P.ta Lodovica (COLL  2);Canonico;"5.79";"16";9.16157947126873;45.4480908185917;"(45.4480908185917, 9.16157947126873)"
"164";BUS;"14023";As;P.ta Lodovica - Negrelli (COLL 2);Canonico;"4.40";"18";9.16319686757161;45.4491946584583;"(45.4491946584583, 9.16319686757161)"
"165";BUS;"10013";Di;Limbiate - Comasina M3;Canonico;"12.76";"18";9.14395801315857;45.5761449254674;"(45.5761449254674, 9.14395801315857)"
"165";BUS;"9750";As;Comasina M3 - Limbiate;Canonico;"12.31";"19";9.1420118663997;45.5807788007425;"(45.5807788007425, 9.1420118663997)"
"166";BUS;"6142";As;Milano (Zara) - Desio;Barrato;"18.18";"36";9.19466895991952;45.5615573791889;"(45.5615573791889, 9.19466895991952)"
"166";BUS;"6145";As;Parco nord - Desio;Canonico;"13.43";"23";9.19586265868891;45.5819250492238;"(45.5819250492238, 9.19586265868891)"
"166";BUS;"8842";Di;Desio - Milano (Parco Nord);Canonico;"14.19";"24";9.19602827716271;45.5850747649208;"(45.5850747649208, 9.19602827716271)"
"166";BUS;"8843";Di;Desio - Milano (Zara M3);Barrato;"18.03";"38";9.19492286931175;45.5687208400139;"(45.5687208400139, 9.19492286931175)"
"171";BUS;"7893";As;Interno Cim. Maggiore (Campo 1 Campo 92);Canonico;"1.16";"7";9.11391989494411;45.5071644742569;"(45.5071644742569, 9.11391989494411)"
"171";BUS;"7894";Di;Interno Cim.Maggiore (campo 92 campo 1);Canonico;"1.11";"8";9.11506959940248;45.5065361875336;"(45.5065361875336, 9.11506959940248)"
"172";BUS;"10590";As;Bicocca - Cim. Bruzzano;Canonico;"7.39";"16";9.19457241127656;45.516905953752;"(45.516905953752, 9.19457241127656)"
"172";BUS;"3976";Di;Martiri della Deportazione - Bicocca;Canonico;"7.09";"18";9.19495900013538;45.5167492486716;"(45.5167492486716, 9.19495900013538)"
"174";BUS;"12521";As;Turro - Cim. Greco - Loreto;Canonico;"9.29";"14";9.21760512496516;45.4997524827098;"(45.4997524827098, 9.21760512496516)"
"174";BUS;"8862";Di;Loreto - Cim. Greco - Turro;Canonico;"6.69";"12";9.21745074054293;45.5015164728275;"(45.5015164728275, 9.21745074054293)"
"175";BUS;"11678";Di;Cim. Lambrate - P.te lambro;Canonico;"13.52";"43";9.24470406263786;45.4646719979353;"(45.4646719979353, 9.24470406263786)"
"175";BUS;"13133";As;P.te Lambro - Cim. Lambrate;Canonico;"11.98";"37";9.24426601683956;45.4665129597884;"(45.4665129597884, 9.24426601683956)"
"176";BUS;"2982";As;Ingresso - Campo 12;Canonico;"0.67";"4";9.18299860008512;45.5311018423948;"(45.5311018423948, 9.18299860008512)"
"176";BUS;"2983";Di;Campo 12 - Ingresso;Canonico;"0.68";"4";9.18062696239197;45.5310057007074;"(45.5310057007074, 9.18062696239197)"
"19";TRAM;"9366";Di;Castelli - Lambrate;Canonico;"12.45";"43";9.19005902682059;45.4749548324082;"(45.4749548324082, 9.19005902682059)"
"19";TRAM;"9367";Di;Cacciatori delle Alpi - Lambrate;Barrato;"14.02";"49";9.18479884412743;45.4779061033026;"(45.4779061033026, 9.18479884412743)"
"19";TRAM;"9398";As;Lambrate - Castelli;Canonico;"12.28";"43";9.18959959131546;45.4750519192561;"(45.4750519192561, 9.18959959131546)"
"2";TRAM;"4664";As;Bausan - Farini/Baiamonti;Barrato;"3.37";"11";9.17737171872998;45.4942133107428;"(45.4942133107428, 9.17737171872998)"
"2";TRAM;"9826";As;Bausan - VI Febbraio (LAV. Genova/Colombo);Canonico;"10.49";"34";9.17569193452328;45.4756355878718;"(45.4756355878718, 9.17569193452328)"
"2";TRAM;"9829";Di;VI Febbraio - Bausan (LAV. Genova/Colombo);Canonico;"10.58";"35";9.17554387904608;45.4757140211057;"(45.4757140211057, 9.17554387904608)"
"2";TRAM;"9843";Di;Aquileia - Bausan (LAV. Genova/Colombo);Barrato;"8.38";"27";9.17835290154566;45.4770522288334;"(45.4770522288334, 9.17835290154566)"
"201";BUS;"10050";;Rozzano (Milano) - Rozzano (Cabrini);Barrato;"1.79";"6";9.15816448201158;45.3837775886648;"(45.3837775886648, 9.15816448201158)"
"201";BUS;"12132";;Rozzano (Alberelle) - Rozzano (Milano);Canonico;"8.05";"25";9.16160925214972;45.3911102428134;"(45.3911102428134, 9.16160925214972)"
"201";BUS;"12133";;Rozzano (Cabrini) - Rozzano (Milano);Barrato;"1.68";"8";9.1557677325701;45.3839109803511;"(45.3839109803511, 9.1557677325701)"
"201";BUS;"12174";;Rozzano (Milano) - Rozzano (Alberelle);Canonico;"6.45";"19";9.16243810373918;45.3905820780721;"(45.3905820780721, 9.16243810373918)"
"220";BUS;"10544";;Rozzano - Locate Triulzi;Canonico;"19.96";"35";9.19068121319649;45.3679231341028;"(45.3679231341028, 9.19068121319649)"
"220";BUS;"10545";;Rozzano - Pieve;Barrato;"16.28";"39";9.18065747927296;45.363389550096;"(45.363389550096, 9.18065747927296)"
"220";BUS;"10547";;Locate Triulzi - Rozzano;Canonico;"20.77";"35";9.19182041826241;45.3672837671905;"(45.3672837671905, 9.19182041826241)"
"220";BUS;"10548";;Pieve - Rozzano;Barrato;"15.50";"35";9.1803570523088;45.3645069654882;"(45.3645069654882, 9.1803570523088)"
"222";BUS;"11656";;Milano (Ripamonti) - Pieve E. (Coppi) (trans. in zerbo)                         ;Canonico;"12.83";"24";9.20639432839831;45.3739780174966;"(45.3739780174966, 9.20639432839831)"
"222";BUS;"11657";;Pieve E. (Staz FS) - Milano (Ripamonti)                                            ;Canonico;"12.05";"23";9.20562289681695;45.3735729022112;"(45.3735729022112, 9.20562289681695)"
"222";BUS;"7891";;Pieve E. (Roma) - Pieve E. (Staz FS)                                           ;Barrato;"3.61";"12";9.19836498328067;45.3457466482542;"(45.3457466482542, 9.19836498328067)"
"230";BUS;"10567";;Basiglio - Abbiategrasso M2;Canonico;"14.06";"16";9.16834984892373;45.3827546511002;"(45.3827546511002, 9.16834984892373)"
"230";BUS;"8451";;Abbiategrasso M2 - Basiglio;Canonico;"13.15";"15";9.16767925328307;45.3792946757588;"(45.3792946757588, 9.16767925328307)"
"24";TRAM;"11628";As;Vigentino - Fontana;Canonico;"5.56";"18";9.19742336957432;45.4452080117377;"(45.4452080117377, 9.19742336957432)"
"24";TRAM;"11683";Di;Fontana - Vigentino;Canonico;"5.61";"17";9.19746500329767;45.445016724764;"(45.445016724764, 9.19746500329767)"
"24";TRAM;"11684";Di;Ripamonti/Bellezza - Vigentino;Barrato;"3.33";"10";9.20085791527993;45.4352229181421;"(45.4352229181421, 9.20085791527993)"
"27";TRAM;"11709";As;Fontana - Ungheria;Canonico;"6.75";"23";9.22916170356259;45.4576736432327;"(45.4576736432327, 9.22916170356259)"
"27";TRAM;"11713";Di;Ungheria - 22 Marzo;Barrato;"5.42";"19";9.23608809290729;45.4566013318609;"(45.4566013318609, 9.23608809290729)"
"27";TRAM;"11716";Di;Ungheria - Fontana;Canonico;"6.58";"23";9.22965257958967;45.4576889013699;"(45.4576889013699, 9.22965257958967)"
"3";TRAM;"3275";As;Gratosoglio - Cantu'/Orefici;Canonico;"7.27";"25";9.17848406216668;45.4352639419714;"(45.4352639419714, 9.17848406216668)"
"3";TRAM;"3533";Di;Cantu'/Orefici - Gratosoglio;Canonico;"7.19";"23";9.17864264694143;45.4360214796943;"(45.4360214796943, 9.17864264694143)"
"3";TRAM;"5065";Di;Torino/Spadari - Gratosoglio;Barrato;"6.99";"22";9.17832990600595;45.4350578274561;"(45.4350578274561, 9.17832990600595)"
"3";TRAM;"5190";As;Gratosoglio - Torino/Duomo;Barrato;"7.14";"24";9.17831093994358;45.4346570437992;"(45.4346570437992, 9.17831093994358)"
"31";TRAM;"4842";Di;F.Testi/Bignami - Cinisello B.;Barrato;"4.32";"11";9.2157727633355;45.5445975457207;"(45.5445975457207, 9.2157727633355)"
"31";TRAM;"6777";As;Cinisello B. - Lagosta;Barrato;"8.61";"25";9.20813007030867;45.5249868128499;"(45.5249868128499, 9.20813007030867)"
"31";TRAM;"6778";As;Cinisello B. - Testi/S.Monica;Barrato;"5.89";"16";9.21339287702178;45.5365823283637;"(45.5365823283637, 9.21339287702178)"
"31";TRAM;"6782";Di;Bicocca M5- Cinisello B.;Canonico;"5.64";"15";9.21413380802367;45.5388895996787;"(45.5388895996787, 9.21413380802367)"
"31";TRAM;"7212";Di;Lagosta - Cinisello B.;Barrato;"8.67";"24";9.20865225110414;45.5260086186239;"(45.5260086186239, 9.20865225110414)"
"31";TRAM;"7214";As;Cinisello B. - Bicocca M5;Canonico;"6.36";"18";9.21272034946195;45.5347833124287;"(45.5347833124287, 9.21272034946195)"
"321";BUS;"12290";As;Bisceglie M1 - Assago Forum M2;Canonico;"12.82";"35";9.11645099147478;45.427918895646;"(45.427918895646, 9.11645099147478)"
"321";BUS;"12292";As;Bisceglie M1 - Buccinasco (Lario);Barrato;"8.27";"23";9.10920728602682;45.4376992543979;"(45.4376992543979, 9.10920728602682)"
"321";BUS;"12293";Di;Assago Forum M2 - Bisceglie M1;Canonico;"13.05";"36";9.11801945740061;45.4266316277221;"(45.4266316277221, 9.11801945740061)"
"321";BUS;"12296";Di;Buccinasco (Lario) - Bisceglie M1;Barrato;"7.10";"21";9.10892835504858;45.4391558035907;"(45.4391558035907, 9.10892835504858)"
"322";BUS;"12271";As;Milano (Bisceglie) - C.Boscone (Gramsci);Canonico;"6.36";"17";9.10098169163036;45.4440929916711;"(45.4440929916711, 9.10098169163036)"
"322";BUS;"12273";Di;C.Boscone (Gramsci) - Milano (Bisceglie);Canonico;"6.24";"18";9.10085239610521;45.4439476497376;"(45.4439476497376, 9.10085239610521)"
"323";BUS;"12283";Di;Cesano Boscone FS - Milano (Bisceglie M1);Canonico;"7.87";"19";9.09379789828077;45.4436632367631;"(45.4436632367631, 9.09379789828077)"
"323";BUS;"12402";As;Milano (Bisceglie M1) - Cesano  Boscone FS;Canonico;"7.19";"14";9.09303970873422;45.4435368721359;"(45.4435368721359, 9.09303970873422)"
"325";BUS;"13615";As;Milano (Romolo M2) - Corsico (Europa);Canonico;"6.65";"18";9.13194514796509;45.4399117275398;"(45.4399117275398, 9.13194514796509)"
"325";BUS;"13617";As;(STUDIO) - Milano (Cantore) - Corsico (Resistenza);Barrato;"6.94";"21";9.13224582413696;45.4393020988775;"(45.4393020988775, 9.13224582413696)"
"325";BUS;"13639";Di;Corsico (Europa) - Milano (Romolo M2);Canonico;"6.88";"19";9.13125054075277;45.4394065919385;"(45.4394065919385, 9.13125054075277)"
"325";BUS;"13642";Di;(STUDIO) - Corsico (Resistenza) - Milano (Romolo M2);Barrato;"6.78";"22";9.13333689858446;45.4394150376353;"(45.4394150376353, 9.13333689858446)"
"327";BUS;"12304";As;Milano (Bisceglie M1) - Trezzano S.N. (Morona);Canonico;"8.79";"18";9.0883167232552;45.4348136375674;"(45.4348136375674, 9.0883167232552)"
"327";BUS;"12305";As;Milano (Bisceglie M1) - Cusago (A. da Baggio);Barrato;"12.19";"21";9.07873420581957;45.43597635137;"(45.43597635137, 9.07873420581957)"
"327";BUS;"12306";As;Milano (Bisceglie M1) - Trezzano S.N. (L.da Vinci);Barrato;"9.81";"19";9.08385629426607;45.431720102661;"(45.431720102661, 9.08385629426607)"
"327";BUS;"12309";Di;Trezzano S.N. (Morona) - Milano (Bisceglie M1);Canonico;"8.36";"16";9.08932942981981;45.4344483546762;"(45.4344483546762, 9.08932942981981)"
"327";BUS;"12310";Di;Cusago (A. da Baggio) - Milano (Bisceglie M1);Barrato;"11.39";"20";9.07964516436303;45.4361106301712;"(45.4361106301712, 9.07964516436303)"
"327";BUS;"12311";Di;Trezzano S.N. (Petrella) - Milano (Bisceglie M1);Barrato;"8.99";"17";9.08570848999342;45.4325012126264;"(45.4325012126264, 9.08570848999342)"
"328";BUS;"10536";;Assago - Pieve E. (Stazione FS);Canonico;"10.94";"27";9.17833152422042;45.3724932587739;"(45.3724932587739, 9.17833152422042)"
"328";BUS;"10537";;Assago M2 - Rozzano ;Barrato;"3.85";"11";9.15545861751815;45.3897453182708;"(45.3897453182708, 9.15545861751815)"
"328";BUS;"10539";;Rozzano - Assago M2;Barrato;"3.73";"12";9.15321041382;45.3923773443351;"(45.3923773443351, 9.15321041382)"
"328";BUS;"12130";;Pieve E. (Stazione FS) - Assago;Canonico;"11.48";"28";9.17684431118236;45.3740907546977;"(45.3740907546977, 9.17684431118236)"
"33";TRAM;"7693";Di;Lagosta - Rimembranze di Lambrate;Canonico;"7.03";"25";9.20749535581565;45.4801373958572;"(45.4801373958572, 9.20749535581565)"
"33";TRAM;"8260";As;Rimembranze di Lambrate - Lagosta;Canonico;"7.01";"23";9.20722908742728;45.4801715104045;"(45.4801715104045, 9.20722908742728)"
"34";BUS;"12112";Di;Q.re Fatima - Toffetti;Canonico;"4.89";"15";9.21245480368132;45.4383185913999;"(45.4383185913999, 9.21245480368132)"
"34";BUS;"13768";As;Toffetti - Q.re Fatima;Canonico;"6.60";"21";9.20867715500042;45.4343263105665;"(45.4343263105665, 9.20867715500042)"
"35";BUS;"13963";As;Molino Dorino M1 - Comasina M3;Canonico;"11.95";"26";9.13167431563993;45.5122944129208;"(45.5122944129208, 9.13167431563993)"
"35";BUS;"13964";As;Molino Dorino M1 - Comasina M3 (mercato Sabato);Barrato;"12.19";"29";9.13149472630679;45.5127607991861;"(45.5127607991861, 9.13149472630679)"
"35";BUS;"13966";Di;Comasina M3 - Molino Dorino M1;Canonico;"10.84";"21";9.13104181298429;45.5119708123693;"(45.5119708123693, 9.13104181298429)"
"35";BUS;"13967";Di;Comasina M3 - Molino Dorino M1 (mercato Sabato);Barrato;"11.19";"22";9.13117862286264;45.5125966066072;"(45.5125966066072, 9.13117862286264)"
"351";BUS;"12021";As;Romolo - Buccinasco  Emilia;Canonico;"11.24";"24";9.12541202836058;45.4310912812377;"(45.4310912812377, 9.12541202836058)"
"351";BUS;"6807";Di;Buccinasco via Emilia - Romolo;Canonico;"10.57";"24";9.12643824154434;45.4319100657263;"(45.4319100657263, 9.12643824154434)"
"352";BUS;"10063";Di;Assago Forum M2 - Buccinasco;Canonico;"5.65";"16";9.1296848843582;45.4106361669427;"(45.4106361669427, 9.1296848843582)"
"352";BUS;"5748";As;Buccinasco - Assago Forum M2;Canonico;"7.35";"19";9.12455028049073;45.4113726775422;"(45.4113726775422, 9.12455028049073)"
"353";BUS;"8838";As;Assago (Via Del Sole) - Assago (Via Bazzana);Canonico;"4.94";"9";9.13605743246682;45.4084785534691;"(45.4084785534691, 9.13605743246682)"
"353";BUS;"8839";Di;Assago (Via Bazzana) - Assago (Via Del Sole);Canonico;"5.36";"13";9.13687896668448;45.4074675077876;"(45.4074675077876, 9.13687896668448)"
"38";BUS;"13704";As;Corelli - Susa;Canonico;"4.09";"13";9.24302891984313;45.4697374907829;"(45.4697374907829, 9.24302891984313)"
"38";BUS;"13706";Di;Susa - Corelli;Canonico;"3.64";"12";9.24396478807607;45.4696706162733;"(45.4696706162733, 9.24396478807607)"
"39";BUS;"11333";As;Loreto - Pitteri;Canonico;"5.09";"17";9.2349291507992;45.4798502898449;"(45.4798502898449, 9.2349291507992)"
"39";BUS;"11334";As;Loreto - Redecesio;Barrato;"7.59";"24";9.24334468079374;45.4793386997116;"(45.4793386997116, 9.24334468079374)"
"39";BUS;"13125";Di;Pitteri - Loreto;Canonico;"5.11";"16";9.23409340638456;45.4807087175404;"(45.4807087175404, 9.23409340638456)"
"39";BUS;"13126";Di;Redecesio - Loreto;Barrato;"7.21";"22";9.24258920815278;45.4801584131953;"(45.4801584131953, 9.24258920815278)"
"4";TRAM;"3848";As;Parco Nord - Maciachini;Barrato;"3.77";"10";9.18952712472548;45.5095897638028;"(45.5095897638028, 9.18952712472548)"
"4";TRAM;"3851";Di;Maciachini - Parco Nord;Barrato;"3.33";"10";9.18973616698073;45.509991783951;"(45.509991783951, 9.18973616698073)"
"4";TRAM;"9158";As;Parco Nord - P.za Castello;Canonico;"7.04";"20";9.18609203229753;45.4959039260704;"(45.4959039260704, 9.18609203229753)"
"4";TRAM;"9160";Di;P.za Castello - Parco Nord;Canonico;"6.99";"20";9.18591259813869;45.4947716803464;"(45.4947716803464, 9.18591259813869)"
"40";BUS;"11322";Di;Parco Nord - Bonola M1;Canonico;"15.16";"46";9.14474923126018;45.5123557066157;"(45.5123557066157, 9.14474923126018)"
"40";BUS;"12968";As;Palizzi - Cim. Bruzzano;Barrato;"7.40";"22";9.15236436630994;45.5199167391536;"(45.5199167391536, 9.15236436630994)"
"40";BUS;"12969";Di;Cim. Bruzzano - Palizzi;Barrato;"7.94";"25";9.15209251256705;45.5198210225304;"(45.5198210225304, 9.15209251256705)"
"40";BUS;"6692";As;Bonola - Parco Nord;Canonico;"14.91";"40";9.14404043555966;45.5116852071772;"(45.5116852071772, 9.14404043555966)"
"41";BUS;"12712";Di;Niguarda - Q.re Bovisasca;Canonico;"7.30";"19";9.16801602194221;45.518262997722;"(45.518262997722, 9.16801602194221)"
"41";BUS;"12916";As;Q.re Bovisasca - Niguarda;Canonico;"8.29";"22";9.1676867350201;45.5207352609967;"(45.5207352609967, 9.1676867350201)"
"41";BUS;"12917";As;Q.re Bovisasca - Niguarda (mercato Sabato);Barrato;"8.10";"22";9.16772377839704;45.5207606900551;"(45.5207606900551, 9.16772377839704)"
"42";BUS;"8173";As;Q.re Bicocca - Stz Centrale M2 M3;Canonico;"7.56";"26";9.20077619295135;45.5085531157469;"(45.5085531157469, 9.20077619295135)"
"42";BUS;"8174";Di;Stz Centrale M2 M3 - Q.re Bicocca;Canonico;"7.30";"26";9.20102415686146;45.5084567048268;"(45.5084567048268, 9.20102415686146)"
"423";BUS;"8056";;Milano (San Siro M5) - Settimo M. (Della Libertà)                               ;Canonico;"9.16";"24";9.07693426764205;45.4778636216269;"(45.4778636216269, 9.07693426764205)"
"423";BUS;"8057";;Milano (San Siro M5) - Settimo M. (Della Libertà)                                 ;Barrato;"8.83";"25";9.07751855685729;45.4791822692181;"(45.4791822692181, 9.07751855685729)"
"423";BUS;"8230";;Settimo M.(della Libertà) - Milano (San Siro M5) ;Canonico;"9.04";"25";9.08275025334255;45.4764883666688;"(45.4764883666688, 9.08275025334255)"
"423";BUS;"8231";;Settimo M.(della Libertà) - Milano (San Siro M5)                 ;Barrato;"8.71";"26";9.08350624616794;45.4777958810161;"(45.4777958810161, 9.08350624616794)"
"424";BUS;"4506";;Molino Dorino M1 - Bareggio (Gallina)                                           ;Canonico;"9.41";"9";9.04808838442816;45.4934931715838;"(45.4934931715838, 9.04808838442816)"
"424";BUS;"4508";;Bareggio (Gallina) - Molino Dorino M1                                           ;Canonico;"9.93";"11";9.04292686235082;45.4917977379226;"(45.4917977379226, 9.04292686235082)"
"43";BUS;"11524";As;Greco - Firenze;Canonico;"7.88";"28";9.18733101457807;45.4843233047908;"(45.4843233047908, 9.18733101457807)"
"43";BUS;"4705";Di;Firenze - Greco;Canonico;"7.22";"25";9.18666663683815;45.4840343518922;"(45.4840343518922, 9.18666663683815)"
"431";BUS;"11301";;Rho FS - Bareggio;Canonico;"9.84";"16";9.020051888691;45.4969329004247;"(45.4969329004247, 9.020051888691)"
"431";BUS;"11304";;Bareggio - Rho FS;Canonico;"9.71";"15";9.02105226877394;45.4968708202;"(45.4968708202, 9.02105226877394)"
"433";BUS;"13435";;Bisceglie M1 - Cornaredo - Passirana;Barrato;"22.25";"31";9.05971232108415;45.4952887083672;"(45.4952887083672, 9.05971232108415)"
"433";BUS;"13436";;Bisceglie M1 - Cornaredo (Artigianato);Canonico;"13.75";"22";9.07193773740154;45.4741908734924;"(45.4741908734924, 9.07193773740154)"
"433";BUS;"13437";;Bisceglie M1 - Bareggio (C.na Brughiera);Barrato;"17.14";"25";9.05947763655544;45.4800112244024;"(45.4800112244024, 9.05947763655544)"
"433";BUS;"13438";;Passirana (Ospedale) - Bisceglie M1;Barrato;"20.93";"30";9.06030262671421;45.4916588837281;"(45.4916588837281, 9.06030262671421)"
"433";BUS;"13439";;Cornaredo (Artigianato) - Bisceglie M1;Canonico;"14.32";"22";9.07000103713826;45.47545557113;"(45.47545557113, 9.07000103713826)"
"433";BUS;"13440";;Bareggio (C.na Brughiera) - Bisceglie M1;Barrato;"17.11";"25";9.05946217424081;45.4800123378961;"(45.4800123378961, 9.05946217424081)"
"433";BUS;"13441";;Bisceglie M1 - Rho FS;Barrato;"16.86";"24";9.06504041543189;45.4814725065447;"(45.4814725065447, 9.06504041543189)"
"433";BUS;"13442";;Rho FS - Bisceglie M1;Barrato;"16.94";"24";9.06465732505252;45.4816771960754;"(45.4816771960754, 9.06465732505252)"
"44";BUS;"14010";Di;Turro - C.na Gobba M2 (LAV. C.na Gobba);Canonico;"6.48";"18";9.24303333290394;45.5068984534562;"(45.5068984534562, 9.24303333290394)"
"44";BUS;"6496";As;C.na Gobba - Turro;Canonico;"5.86";"19";9.23817634419055;45.5056271001627;"(45.5056271001627, 9.23817634419055)"
"45";BUS;"13453";As;San Donato M3 - Stz Lambrate;Canonico;"12.03";"35";9.24800770389384;45.4538445821713;"(45.4538445821713, 9.24800770389384)"
"45";BUS;"13455";Di;Ungheria/Gonzaga - San Donato M3;Barrato;"3.56";"9";9.26087348481423;45.4391037500662;"(45.4391037500662, 9.26087348481423)"
"45";BUS;"13457";Di;Stz Lambrate M2 - San Donato M3;Canonico;"11.55";"33";9.24712092872413;45.454235727975;"(45.454235727975, 9.24712092872413)"
"45";BUS;"13914";As;S.Donato - Ungheria;Barrato;"4.81";"10";9.25897115237416;45.4394583854503;"(45.4394583854503, 9.25897115237416)"
"46";BUS;"11343";Di;Q.re Cantalupa - Famagosta M2;Canonico;"3.19";"8";9.16559909199607;45.4277391642059;"(45.4277391642059, 9.16559909199607)"
"46";BUS;"11405";As;Famagosta M2 - Cantalupa;Canonico;"4.11";"4";9.16388592966818;45.4275141828339;"(45.4275141828339, 9.16388592966818)"
"47";BUS;"10072";Di;Romolo M2 - Bisceglie M1;Canonico;"9.34";"25";9.13880836900155;45.4421731283834;"(45.4421731283834, 9.13880836900155)"
"47";BUS;"12254";As;Bisceglie M1 - Romolo M2;Canonico;"11.83";"32";9.14441579346934;45.4430764006061;"(45.4430764006061, 9.14441579346934)"
"48";BUS;"8988";Di;M.te Rosa - Palazzolo;Canonico;"1.72";"5";9.14342594016691;45.4853116098659;"(45.4853116098659, 9.14342594016691)"
"48";BUS;"8989";As;Palazzolo - Lotto M1 - M5;Canonico;"3.91";"14";9.15091825816233;45.4866939002949;"(45.4866939002949, 9.15091825816233)"
"49";BUS;"8090";As;Tirana - Lotto M1 M5;Canonico;"9.98";"36";9.12205976261608;45.4673964824414;"(45.4673964824414, 9.12205976261608)"
"49";BUS;"8093";Di;Lotto M1 M5 - Tirana;Canonico;"9.62";"36";9.12238207491953;45.4672611094612;"(45.4672611094612, 9.12238207491953)"
"5";TRAM;"6708";Di;Ospedale Maggiore - Ortica;Canonico;"8.10";"29";9.20794014108963;45.486128564893;"(45.486128564893, 9.20794014108963)"
"5";TRAM;"6774";As;Ortica - Ospedale Maggiore;Canonico;"8.20";"30";9.20830905952315;45.486081830102;"(45.486081830102, 9.20830905952315)"
"50";BUS;"12913";As;Lorenteggio - Cairoli M1;Canonico;"7.08";"21";9.14940830062631;45.4559501771425;"(45.4559501771425, 9.14940830062631)"
"50";BUS;"12962";Di;Cairoli M1 - Lorenteggio;Canonico;"8.19";"25";9.1502980950962;45.4561641582261;"(45.4561641582261, 9.1502980950962)"
"51";BUS;"12972";As;Cimiano M2 - Zara M3 M5;Canonico;"11.13";"33";9.21187189493961;45.5138392541223;"(45.5138392541223, 9.21187189493961)"
"51";BUS;"12976";Di;Zara M3 M5 - Cimiano M2;Canonico;"10.96";"37";9.21232178800019;45.5126816582766;"(45.5126816582766, 9.21232178800019)"
"52";BUS;"12893";As;Bruzzano F.N. - Bicocca (Universita');Canonico;"7.92";"25";9.18339347400285;45.5227664570302;"(45.5227664570302, 9.18339347400285)"
"52";BUS;"12894";Di;Bicocca Universita' - Bruzzano FN;Canonico;"10.69";"31";9.18273211806455;45.5228832035514;"(45.5228832035514, 9.18273211806455)"
"528";BUS;"13136";;Rho (Capuana) - Cim. Maggiore;Canonico;"12.05";"24";9.06992767567185;45.5188515672082;"(45.5188515672082, 9.06992767567185)"
"528";BUS;"13139";;Cim. Maggiore - Rho (Capuana);Canonico;"12.04";"23";9.06973790328224;45.5190975267818;"(45.5190975267818, 9.06973790328224)"
"528";BUS;"9319";;Molino Dorino M1 - Cim. Maggiore;Barrato;"2.77";"10";9.10665444119942;45.5042220585706;"(45.5042220585706, 9.10665444119942)"
"528";BUS;"9320";;Cim. Maggiore - Molino Dorino M1;Barrato;"2.99";"9";9.10873605681078;45.5041124260019;"(45.5041124260019, 9.10873605681078)"
"53";BUS;"10077";Di;Stz Lambrate - Sesto Marelli M1;Canonico;"9.48";"32";9.24213940415751;45.5117603729497;"(45.5117603729497, 9.24213940415751)"
"53";BUS;"9629";As;Sesto Marelli - Stz Lambrate;Canonico;"9.44";"31";9.24184736994564;45.5121806611897;"(45.5121806611897, 9.24184736994564)"
"54";BUS;"13385";As;Stz Lambrate M2 - Dateo M4;Canonico;"5.09";"19";9.23590042969569;45.4737929774916;"(45.4737929774916, 9.23590042969569)"
"54";BUS;"13386";As;Cascina Gobba M2 - Dateo M4;Barrato;"10.41";"32";9.24020938473626;45.4857404577666;"(45.4857404577666, 9.24020938473626)"
"54";BUS;"13387";Di;Dateo M4 - Stz Lambrate M2;Canonico;"4.90";"19";9.23792267119617;45.4735248317749;"(45.4735248317749, 9.23792267119617)"
"54";BUS;"13388";Di;Dateo M4 - Cascina Gobba M2;Barrato;"10.45";"37";9.24144423616286;45.4857835506295;"(45.4857835506295, 9.24144423616286)"
"542";BUS;"7383";;Casa di Reclusione - Rho Fiera;Canonico;"2.43";"2";9.09089160430468;45.5249178151278;"(45.5249178151278, 9.09089160430468)"
"542";BUS;"7384";;Rho Fiera - Casa di Reclusione;Canonico;"2.65";"2";9.0918570018805;45.5247005652812;"(45.5247005652812, 9.0918570018805)"
"542";BUS;"7435";;Passirana - Rho Fiera M1;Canonico;"8.32";"13";9.06711026482981;45.5360922810787;"(45.5360922810787, 9.06711026482981)"
"542";BUS;"7436";;Rho Fiera M1 - Passirana;Canonico;"9.26";"14";9.06524180235601;45.5364456540328;"(45.5364456540328, 9.06524180235601)"
"55";BUS;"12442";Di;Loreto - Segrate (Lavanderie);Barrato;"8.25";"16";9.24697628177307;45.4879805579903;"(45.4879805579903, 9.24697628177307)"
"55";BUS;"475";Di;Loreto - Cim. Lambrate;Canonico;"5.33";"17";9.23712675364439;45.4888097421946;"(45.4888097421946, 9.23712675364439)"
"55";BUS;"478";As;Q.re Feltre - Loreto;Barrato;"4.05";"13";9.22958976510074;45.4879343254323;"(45.4879343254323, 9.22958976510074)"
"55";BUS;"479";As;Cim. Lambrate - Loreto;Canonico;"5.68";"17";9.23517030575878;45.4886099358677;"(45.4886099358677, 9.23517030575878)"
"55";BUS;"9941";Di;Loreto - Q.re Feltre;Barrato;"3.83";"14";9.23282115022613;45.4886988628445;"(45.4886988628445, 9.23282115022613)"
"56";BUS;"3464";As;Crescenzago - Loreto;Barrato;"4.79";"15";9.2302157411021;45.4961393887965;"(45.4961393887965, 9.2302157411021)"
"56";BUS;"3465";Di;Loreto - Crescenzago;Barrato;"5.48";"20";9.23720307626805;45.5006718280468;"(45.5006718280468, 9.23720307626805)"
"56";BUS;"480";As;Q.re Adriano - Loreto;Canonico;"6.85";"22";9.23616030632949;45.5020162827943;"(45.5020162827943, 9.23616030632949)"
"56";BUS;"654";Di;Loreto - Q.re Adriano;Canonico;"5.75";"21";9.23736095551231;45.5026599626733;"(45.5026599626733, 9.23736095551231)"
"560";BUS;"13586";;Milano (M1 QT8) - Arese (Alfa Romeo Porta est);Canonico;"20.39";"34";9.09157886126778;45.5413624612257;"(45.5413624612257, 9.09157886126778)"
"560";BUS;"13587";;Milano (M1 QT8) - Arese (Alfa Romeo Porta est) (trans Boccioni);Barrato;"21.65";"35";9.09366294988315;45.5397581363101;"(45.5397581363101, 9.09366294988315)"
"560";BUS;"9303";;Arese (Alfa Romeo Porta est)- Milano (M1 QT8);Canonico;"21.31";"34";9.09540242337592;45.5374984275863;"(45.5374984275863, 9.09540242337592)"
"561";BUS;"13007";;Arese - Rho Fiera M1;Canonico;"10.29";"19";9.07696397912494;45.5440417962173;"(45.5440417962173, 9.07696397912494)"
"561";BUS;"13008";;Arese - Rho Fiera M1 (trans. Centro Commerciale);Barrato;"13.73";"22";9.07131524603397;45.5475557993893;"(45.5475557993893, 9.07131524603397)"
"561";BUS;"13009";;Rho Fiera M1 - Arese;Canonico;"10.88";"16";9.0783468050766;45.5444221237487;"(45.5444221237487, 9.0783468050766)"
"561";BUS;"13010";;Rho Fiera M1 - Arese (Trans. Centro Commerciale);Barrato;"14.33";"19";9.07265178368306;45.5476640489078;"(45.5476640489078, 9.07265178368306)"
"566";BUS;"12394";;Paderno Dugnano - Milano;Canonico;"11.83";"32";9.12551752420874;45.5456980829604;"(45.5456980829604, 9.12551752420874)"
"566";BUS;"12395";;Bollate (Marx) - Milano;Canonico;"6.02";"17";9.11031478996314;45.5377017494395;"(45.5377017494395, 9.11031478996314)"
"566";BUS;"12841";;Paderno Dugnano - Milano (trans per via Sauro);Barrato;"10.63";"27";9.12981608942846;45.5451020662064;"(45.5451020662064, 9.12981608942846)"
"566";BUS;"12842";;Bollate (Marx) - Milano (trans  Sauro);Barrato;"4.81";"12";9.11586855483052;45.5340092220088;"(45.5340092220088, 9.11586855483052)"
"566";BUS;"7653";;Milano - Paderno Dugnano;Canonico;"12.05";"28";9.12539499531534;45.5448905852265;"(45.5448905852265, 9.12539499531534)"
"566";BUS;"7654";;Milano - Paderno Dugnano (trans Sauro);Barrato;"9.63";"23";9.13150866227776;45.5447254491232;"(45.5447254491232, 9.13150866227776)"
"566";BUS;"7655";;Milano - Bollate (Marx);Canonico;"6.25";"14";9.11062621360443;45.5370029727881;"(45.5370029727881, 9.11062621360443)"
"566";BUS;"7657";;Milano - Bollate (Marx trans Sauro);Barrato;"3.83";"9";9.11658791305073;45.5309840111531;"(45.5309840111531, 9.11658791305073)"
"57";BUS;"13609";As;Q.to Oggiaro - Cairoli;Canonico;"9.31";"31";9.1564576175654;45.4935042533187;"(45.4935042533187, 9.1564576175654)"
"57";BUS;"13611";As;Q.to Oggiaro - Cairoli (cap. dopo le 21);Barrato;"9.31";"32";9.15638832292144;45.4933928978755;"(45.4933928978755, 9.15638832292144)"
"57";BUS;"7542";Di;Cairoli - Q.to Oggiaro;Canonico;"9.21";"32";9.15517419004072;45.494632015578;"(45.494632015578, 9.15517419004072)"
"57";BUS;"7543";Di;Cairoli- Q.to Oggiaro (cap. dopo le 21);Barrato;"9.21";"32";9.15509826249256;45.4945165170738;"(45.4945165170738, 9.15509826249256)"
"58";BUS;"11299";Di;Minghetti  - Noale;Canonico;"11.71";"39";9.12978460150955;45.4586325390301;"(45.4586325390301, 9.12978460150955)"
"58";BUS;"13526";As;Noale - Minghetti;Canonico;"11.25";"37";9.13041853464926;45.4578572510689;"(45.4578572510689, 9.13041853464926)"
"59";BUS;"11344";As;Famagosta M2 - Lodovica;Canonico;"4.83";"16";9.1757505627913;45.4411376765976;"(45.4411376765976, 9.1757505627913)"
"59";BUS;"11345";As;Famagosta M2 - Lodovica (mercato sabato);Barrato;"4.82";"16";9.17634029453249;45.4407626816508;"(45.4407626816508, 9.17634029453249)"
"59";BUS;"11346";Di;Lodovica - Famagosta M2;Canonico;"4.83";"13";9.1769845810199;45.4414798152269;"(45.4414798152269, 9.1769845810199)"
"59";BUS;"11347";Di;Lodovica - Famagosta M2 (mercato sabato);Barrato;"4.94";"13";9.17764105259788;45.4410885744066;"(45.4410885744066, 9.17764105259788)"
"60";BUS;"13769";As;Zara M3 M5 - Duomo M1 M3;Canonico;"6.71";"24";9.204367296266;45.4738127372036;"(45.4738127372036, 9.204367296266)"
"60";BUS;"13771";Di;Duomo M1 M3 - Zara M3 M5;Canonico;"7.39";"25";9.20315592403212;45.4750047913212;"(45.4750047913212, 9.20315592403212)"
"61";BUS;"13774";Di;Duomo - Murani;Canonico;"5.18";"19";9.21170370685981;45.4683729104962;"(45.4683729104962, 9.21170370685981)"
"61";BUS;"14039";As;Murani - Duomo;Canonico;"4.75";"18";9.21241075371702;45.4689602144212;"(45.4689602144212, 9.21241075371702)"
"62";BUS;"5099";As;Sire Raul - Lodi;Canonico;"7.28";"25";9.21733323559943;45.4711358361038;"(45.4711358361038, 9.21733323559943)"
"62";BUS;"7123";Di;Lodi - Sire Raul;Canonico;"7.19";"23";9.21721760627387;45.4703596771257;"(45.4703596771257, 9.21721760627387)"
"63";BUS;"10769";Di;De Angeli M1 - Muggiano;Canonico;"10.02";"31";9.106119569614;45.4581976572274;"(45.4581976572274, 9.106119569614)"
"63";BUS;"10770";Di;63/ Bisceglie M1 - Muggiano;Barrato;"6.12";"19";9.09004728865136;45.4550732153577;"(45.4550732153577, 9.09004728865136)"
"63";BUS;"11197";As;63/ Muggiano - Bisceglie M1;Barrato;"5.76";"18";9.08902058329465;45.4551536136806;"(45.4551536136806, 9.08902058329465)"
"63";BUS;"11198";As;Muggiano - De Angeli M1;Canonico;"10.07";"32";9.10685129681134;45.458385050719;"(45.458385050719, 9.10685129681134)"
"63";BUS;"11213";As;63/ Degli Ulivi - Bisceglie M1;Barrato;"7.57";"24";9.11756547502964;45.4603337768414;"(45.4603337768414, 9.11756547502964)"
"64";BUS;"10089";As;Molinetto - Bonola M1;Canonico;"9.56";"28";9.1180080962444;45.4703962567613;"(45.4703962567613, 9.1180080962444)"
"64";BUS;"10300";Di;Bonola M1 - Corsico;Canonico;"17.67";"47";9.11236233152462;45.4585996216699;"(45.4585996216699, 9.11236233152462)"
"64";BUS;"10303";Di;Bonola M1 - Molinetto;Barrato;"11.40";"31";9.1171756650647;45.4702982545203;"(45.4702982545203, 9.1171756650647)"
"65";BUS;"8402";Di;P.ta Romana - Abbiategrasso M2;Canonico;"6.42";"21";9.20017776108385;45.4417183983128;"(45.4417183983128, 9.20017776108385)"
"65";BUS;"9746";As;Abbiategrasso M2 - P.ta Romana M3 (trans. Via Sforza);Canonico;"10.96";"37";9.19998996381979;45.4477204319987;"(45.4477204319987, 9.19998996381979)"
"65";BUS;"9747";As;Abbiategrasso M2 - P.ta Romana M3;Barrato;"7.03";"23";9.20024572442444;45.4421603673009;"(45.4421603673009, 9.20024572442444)"
"66";BUS;"13803";Di;Peschiera B. - Cadore;Canonico;"12.70";"32";9.26121423813862;45.4421746676191;"(45.4421746676191, 9.26121423813862)"
"66";BUS;"13807";As;Cadore - Peschiera B;Canonico;"12.66";"31";9.26111458853212;45.4422501805885;"(45.4422501805885, 9.26111458853212)"
"67";BUS;"4540";As;Scanini - Baracca;Canonico;"9.11";"34";9.12288201466853;45.4631832696007;"(45.4631832696007, 9.12288201466853)"
"67";BUS;"583";Di;Baracca - Scanini;Canonico;"8.62";"30";9.12221867464093;45.4632542044986;"(45.4632542044986, 9.12221867464093)"
"68";BUS;"3001";Di;Bergognone - Bonola M1;Canonico;"10.26";"32";9.14206057697888;45.4795951631556;"(45.4795951631556, 9.14206057697888)"
"68";BUS;"7565";As;Bonola M1 - Bergognone;Canonico;"10.02";"34";9.14103206019889;45.4802338853617;"(45.4802338853617, 9.14103206019889)"
"69";BUS;"13676";As;M. Dorino (ramo Gallaratese) - Firenze;Barrato;"8.12";"23";9.12140810956655;45.4950633023374;"(45.4950633023374, 9.12140810956655)"
"69";BUS;"3732";As;M.Dorino (ramo S.Leonardo) - Firenze;Barrato;"6.94";"21";9.12424068842931;45.4968343588968;"(45.4968343588968, 9.12424068842931)"
"69";BUS;"4405";Di;Firenze - Molino Dorino (Ramo Gallaratese);Canonico;"8.14";"24";9.12190023628336;45.4950652592697;"(45.4950652592697, 9.12190023628336)"
"7";TRAM;"6791";As;Precotto - Lagosta;Canonico;"6.48";"20";9.21038293226851;45.5092170057794;"(45.5092170057794, 9.21038293226851)"
"7";TRAM;"7210";Di;Lagosta - Precotto;Canonico;"6.77";"18";9.21245212508817;45.5098357138809;"(45.5098357138809, 9.21245212508817)"
"7";TRAM;"8222";As;Precotto - Testi/S. Marcellina;Barrato;"3.84";"12";9.21845394094341;45.5147436102558;"(45.5147436102558, 9.21845394094341)"
"7";TRAM;"8223";Di;Testi/ S. Marcellina - Precotto;Barrato;"4.13";"10";9.22065803392769;45.5149267452946;"(45.5149267452946, 9.22065803392769)"
"70";BUS;"10095";As;Cim. Bruzzano - Ceresio;Canonico;"6.75";"25";9.1780512369463;45.5098342656888;"(45.5098342656888, 9.1780512369463)"
"70";BUS;"10096";As;Q.re Bruzzano - Ceresio;Barrato;"5.68";"22";9.17835488570289;45.5058970045365;"(45.5058970045365, 9.17835488570289)"
"70";BUS;"9216";Di;Ceresio - Q.re Bruzzano;Barrato;"6.57";"22";9.17803634223162;45.5100298665915;"(45.5100298665915, 9.17803634223162)"
"70";BUS;"9217";Di;Ceresio - Cim . Bruzzano;Canonico;"6.42";"19";9.1787260478375;45.509368219817;"(45.509368219817, 9.1787260478375)"
"700";BUS;"10401";Di;Sesto Cimitero - Sesto 1 Maggio;Canonico;"9.44";"28";9.23864194106873;45.5344719086953;"(45.5344719086953, 9.23864194106873)"
"700";BUS;"8599";As;Sesto 1 Maggio - Sesto Cimitero;Canonico;"10.32";"31";9.23875576370861;45.5341943763509;"(45.5341943763509, 9.23875576370861)"
"701";BUS;"10097";As;Cologno M.se (toti) - Cologno Nord M2;Barrato;"4.37";"13";9.27849331129302;45.537888934625;"(45.537888934625, 9.27849331129302)"
"701";BUS;"13659";As;Sesto S. G. (4 Novembre) - Cologno Sud M2;Canonico;"9.32";"29";9.26083309986225;45.5396029135216;"(45.5396029135216, 9.26083309986225)"
"701";BUS;"13661";Di;Cologno Sud M2 - Sesto S. G. (4 Novembre);Canonico;"10.01";"29";9.26175152235976;45.5385521025822;"(45.5385521025822, 9.26175152235976)"
"701";BUS;"7181";Di;Cologno Nord M2 - Cologno S. Maurizio (toti);Barrato;"4.37";"14";9.27951350011912;45.5378146760324;"(45.5378146760324, 9.27951350011912)"
"702";BUS;"9982";As;Cologno Nord M2 - Cinisello Sant' Eusebio;Canonico;"16.66";"42";9.24057265079667;45.5433276787851;"(45.5433276787851, 9.24057265079667)"
"702";BUS;"9984";Di;Cinisello Sant'Eusebio - Cologno Nord M2;Canonico;"13.97";"36";9.24072462917077;45.5418714547693;"(45.5418714547693, 9.24072462917077)"
"705";BUS;"13372";As;Cormano - Comasina M3;Canonico;"6.37";"12";9.16405564699294;45.5431195933405;"(45.5431195933405, 9.16405564699294)"
"705";BUS;"13373";As;Cormano - Comasina M3 (trans. in Litta Modignani);Barrato;"7.57";"16";9.16411903173189;45.5403085310584;"(45.5403085310584, 9.16411903173189)"
"705";BUS;"13374";Di;Comasina M3 - Cormano;Canonico;"5.57";"13";9.16432409172398;45.5419019447169;"(45.5419019447169, 9.16432409172398)"
"705";BUS;"5785";As;Cormano - Comasina M3;Barrato;"5.94";"11";9.1639930637858;45.5442697636128;"(45.5442697636128, 9.1639930637858)"
"707";BUS;"13719";As;Cologno Nord M2 - Cologno ( Via Giordano);Canonico;"9.19";"24";9.28408452369645;45.5315269781149;"(45.5315269781149, 9.28408452369645)"
"707";BUS;"13720";As;Cologno Nord M2 - Cologno ( Via Giordano ) transita itsos;Barrato;"13.35";"25";9.29161480078638;45.5296616064187;"(45.5296616064187, 9.29161480078638)"
"707";BUS;"13721";Di;Cologno ( Via Giordano) - Cologno Nord M2;Canonico;"9.60";"24";9.285275499237;45.5320301614796;"(45.5320301614796, 9.285275499237)"
"707";BUS;"13722";Di;Cologno ( Via Giordano) - Cologno Nord M2 (transita itsos);Barrato;"13.61";"25";9.29229921253465;45.5300618849473;"(45.5300618849473, 9.29229921253465)"
"708";BUS;"10386";Di;Sesto Rond M1 - Niguarda ( Parco Nord );Canonico;"7.87";"19";9.20135266192524;45.5345108897123;"(45.5345108897123, 9.20135266192524)"
"708";BUS;"10389";Di;Sesto Rond M1 - Bresso (Don Minzoni);Barrato;"4.69";"11";9.20876531012505;45.5352923567894;"(45.5352923567894, 9.20876531012505)"
"708";BUS;"9779";As;Niguarda (Parco Nord) - Sesto Rond M1;Canonico;"8.92";"25";9.20194936523321;45.534162817096;"(45.534162817096, 9.20194936523321)"
"708";BUS;"9825";As;Bresso (Don Minzoni) - Sesto Rondo M1;Barrato;"5.94";"16";9.20818021342476;45.5345975949942;"(45.5345975949942, 9.20818021342476)"
"709";BUS;"6567";As;Cologno Sud M2 - Cologno ( Don Minzoni );Canonico;"5.34";"12";9.26848158375904;45.5285428937711;"(45.5285428937711, 9.26848158375904)"
"709";BUS;"7285";Di;Cologno ( Don Minzoni ) - Cologno Sud M2;Canonico;"5.32";"12";9.26745152724272;45.5314539459385;"(45.5314539459385, 9.26745152724272)"
"71";BUS;"11348";As;Romolo M2 - Famagosta M2;Canonico;"7.21";"20";9.15985946956374;45.4332528034965;"(45.4332528034965, 9.15985946956374)"
"71";BUS;"11350";As;Romolo M2 - Lodovica;Barrato;"12.08";"35";9.16592542757598;45.4365960899466;"(45.4365960899466, 9.16592542757598)"
"71";BUS;"11357";Di;Famagosta M2 - Romolo M2;Canonico;"7.06";"22";9.159878997229;45.4332187477788;"(45.4332187477788, 9.159878997229)"
"71";BUS;"11358";Di;Lodovica - Romolo M2;Barrato;"12.64";"37";9.16749040813299;45.437380145831;"(45.437380145831, 9.16749040813299)"
"712";BUS;"13199";As;Cinisello ( Musu ) - Sesto F.S.;Canonico;"5.95";"14";9.23684223684148;45.5563627436498;"(45.5563627436498, 9.23684223684148)"
"712";BUS;"13200";Di;Sesto F.S. - Cinisello ( Musu );Canonico;"6.55";"15";9.23426836700881;45.5562289168741;"(45.5562289168741, 9.23426836700881)"
"713";BUS;"13092";Di;Milano Bignami M5 - Sesto Rimembranze (Mercato sabato);Barrato;"7.61";"21";9.23536320337157;45.527973920762;"(45.527973920762, 9.23536320337157)"
"713";BUS;"7616";As;Sesto Rimembranze - Milano Bignami M5;Canonico;"7.80";"27";9.23535529378917;45.5289655367567;"(45.5289655367567, 9.23535529378917)"
"713";BUS;"7621";Di;Milano Bignami M5 - Sesto Rimembranze;Canonico;"7.64";"22";9.23505027257075;45.528613166283;"(45.528613166283, 9.23505027257075)"
"727";BUS;"12198";Di;Stz Cormano FN - Sesto S.G. (1 Maggio);Canonico;"9.19";"23";9.20996292297927;45.5503049098491;"(45.5503049098491, 9.20996292297927)"
"727";BUS;"9175";As;Sesto S.G.(1 Maggio) - Stz Cormano FN;Canonico;"9.39";"23";9.20846243256709;45.5510237715827;"(45.5510237715827, 9.20846243256709)"
"727";BUS;"9177";As;Sesto S.G.(1 Maggio) - Stz Cormano Fn ( solo domenica isola pedonale);Barrato;"9.35";"21";9.20896959703742;45.5507929450491;"(45.5507929450491, 9.20896959703742)"
"728";BUS;"6252";As;Milano (Stz Centrale) - Cusano M. (Unione);Barrato;"16.83";"33";9.20963559169048;45.5378675126228;"(45.5378675126228, 9.20963559169048)"
"728";BUS;"7607";Di;Cusano M. (Unione) - Bignami M5;Canonico;"10.78";"25";9.21156341220902;45.5523145085146;"(45.5523145085146, 9.21156341220902)"
"728";BUS;"7608";As;Bignami M5 - Cusano M. (Unione);Canonico;"11.52";"26";9.21186314159256;45.5526093030441;"(45.5526093030441, 9.21186314159256)"
"729";BUS;"10109";As;Sesto S.G. - Comasina M3;Canonico;"10.34";"23";9.19351025556567;45.5459150864133;"(45.5459150864133, 9.19351025556567)"
"729";BUS;"322";Di;Comasina M3 - Sesto S.G.;Canonico;"9.35";"26";9.19604994206093;45.5467177112309;"(45.5467177112309, 9.19604994206093)"
"729";BUS;"5843";As;Sesto S.G. - Cusano M.;Barrato;"5.78";"16";9.21328383032625;45.5498221379091;"(45.5498221379091, 9.21328383032625)"
"729";BUS;"5844";Di;Cusano M. - Sesto S.G.;Barrato;"5.31";"16";9.21612901600653;45.5495051442601;"(45.5495051442601, 9.21612901600653)"
"74";BUS;"14024";As;Famagosta M2 - P.ta Lodovica (LAV. GENOVA-COLOMBO);Canonico;"8.66";"32";9.16299200060427;45.4415231368679;"(45.4415231368679, 9.16299200060427)"
"74";BUS;"14025";Di;P.ta Lodovica - Famagosta M2 (LAV. GENOVA- COLOMBO);Canonico;"8.83";"32";9.16226346266916;45.4405687806752;"(45.4405687806752, 9.16226346266916)"
"76";BUS;"12245";As;Madonna della Provvidenza - Bisceglie M1;Canonico;"9.23";"22";9.09217523589568;45.4623401689943;"(45.4623401689943, 9.09217523589568)"
"76";BUS;"12248";Di;Bisceglie M1 - Madonna della Provvidenza;Canonico;"8.44";"19";9.09323478246756;45.4615089064497;"(45.4615089064497, 9.09323478246756)"
"77";BUS;"13978";As;Poasco - S. Donato M3;Canonico;"13.53";"31";9.2363405755038;45.4273869031643;"(45.4273869031643, 9.2363405755038)"
"77";BUS;"13981";As;Poasco  - S. Donato M3 ( mercato Sabato);Barrato;"12.66";"27";9.23601893227421;45.4269070611404;"(45.4269070611404, 9.23601893227421)"
"77";BUS;"13982";As;Cim. Chiaravalle - S. Donato M3 (mercato Sabato);Barrato;"10.90";"25";9.23744154444991;45.4299659695773;"(45.4299659695773, 9.23744154444991)"
"77";BUS;"13983";Di;S. Donato M3 - Poasco;Canonico;"11.54";"29";9.23560481888812;45.4265220381788;"(45.4265220381788, 9.23560481888812)"
"78";BUS;"10491";As;Govone - Bisceglie M1;Canonico;"14.89";"42";9.12410989169759;45.4714094398565;"(45.4714094398565, 9.12410989169759)"
"78";BUS;"10492";Di;Bisceglie M1 - Govone;Canonico;"12.82";"43";9.13072933726201;45.4782799926333;"(45.4782799926333, 9.13072933726201)"
"783";BUS;"8332";As;Milano Bicocca M5 - Bresso (Don Minzoni);Canonico;"4.25";"9";9.19987087610293;45.5308748351212;"(45.5308748351212, 9.19987087610293)"
"783";BUS;"9778";Di;Bresso Don Minzoni - Milano Bicocca M5;Canonico;"4.66";"10";9.19817566588744;45.5316332297778;"(45.5316332297778, 9.19817566588744)"
"79";BUS;"4243";Di;Abbiategrasso - Gratosoglio (trans. Basmetto);Barrato;"5.67";"16";9.16877582828637;45.4169429640911;"(45.4169429640911, 9.16877582828637)"
"79";BUS;"8413";Di;Lodovica - Gratosoglio (trans. Basmetto);Canonico;"8.96";"26";9.17515493899668;45.4255954182628;"(45.4255954182628, 9.17515493899668)"
"79";BUS;"8414";Di;Lodovica - Gratosoglio (transita Basmetto e Manduria);Canonico;"10.09";"30";9.17533774892115;45.422686688742;"(45.422686688742, 9.17533774892115)"
"79";BUS;"9922";As;Gratosoglio - Lodovica (transita in C.na Basmetto);Barrato;"8.72";"28";9.17455527442949;45.4249847555217;"(45.4249847555217, 9.17455527442949)"
"79";BUS;"9923";As;Gratosoglio - Abbiategrasso;Barrato;"5.87";"18";9.16922123211234;45.417829629083;"(45.417829629083, 9.16922123211234)"
"80";BUS;"10304";As;Q.to Romano - De Angeli M1;Barrato;"6.69";"22";9.11620272805224;45.4731727860203;"(45.4731727860203, 9.11620272805224)"
"80";BUS;"10306";As;Molino Dorino M1 - De Angeli M1;Canonico;"12.32";"27";9.10122756614006;45.4828284008363;"(45.4828284008363, 9.10122756614006)"
"80";BUS;"8119";Di;De Angeli M1 - Q.to Romano;Barrato;"6.13";"20";9.11729457245647;45.4732179465647;"(45.4732179465647, 9.11729457245647)"
"80";BUS;"9309";Di;De Angeli M1 - Molino Dorino M1;Canonico;"11.99";"28";9.10071094475556;45.4828100804614;"(45.4828100804614, 9.10071094475556)"
"81";BUS;"10006";Di;Stz. Lambrate - Sesto Marelli;Canonico;"9.50";"33";9.21544726547211;45.4961754294897;"(45.4961754294897, 9.21544726547211)"
"81";BUS;"10007";Di;Lambrate - Centrale (corse notturne);Barrato;"4.00";"16";9.2177647092752;45.4838896430325;"(45.4838896430325, 9.2177647092752)"
"81";BUS;"6201";As;Sesto Marelli - Stz. Lambrate;Canonico;"9.56";"33";9.21543118119272;45.4960320910446;"(45.4960320910446, 9.21543118119272)"
"81";BUS;"6203";As;Centrale - Lambrate (corse notturne);Barrato;"4.00";"17";9.21860208408175;45.483775224096;"(45.483775224096, 9.21860208408175)"
"82";BUS;"12963";Di;Zara M3 M5 - Q.re Bovisasca;Canonico;"9.14";"28";9.16728163511225;45.5066329659199;"(45.5066329659199, 9.16728163511225)"
"82";BUS;"9212";As;Q.re Bovisasca - Zara M3 M5;Canonico;"7.10";"23";9.17073035901391;45.5044256827959;"(45.5044256827959, 9.17073035901391)"
"83";BUS;"5795";As;Niguarda ( Parco Nord ) - Comasina M3 ( transita Don Minzoni);Barrato;"8.51";"23";9.18230591377483;45.5370226867047;"(45.5370226867047, 9.18230591377483)"
"83";BUS;"5804";As;Niguarda ( Parco Nord ) - Comasina M3 ( transita Don Minzoni);Barrato;"8.05";"22";9.18328858427212;45.5375051055451;"(45.5375051055451, 9.18328858427212)"
"83";BUS;"5812";Di;Comasina M3 - Niguarda ( Parco Nord );Barrato;"5.63";"13";9.18008267023076;45.536304548115;"(45.536304548115, 9.18008267023076)"
"83";BUS;"6736";As;C Granda - Comasina M3;Canonico;"9.04";"23";9.18179609419403;45.5293873664568;"(45.5293873664568, 9.18179609419403)"
"83";BUS;"6737";As;C Granda - Comasina M3 ( transita Bresso Minzoni);Canonico;"11.10";"29";9.18417487138622;45.5317743156071;"(45.5317743156071, 9.18417487138622)"
"83";BUS;"6740";Di;Comasina M3 - C Granda;Canonico;"8.26";"22";9.18353981835003;45.5292261671978;"(45.5292261671978, 9.18353981835003)"
"84";BUS;"10124";As;Martini - Augusto;Barrato;"4.48";"15";9.21375544115951;45.4547146823284;"(45.4547146823284, 9.21375544115951)"
"84";BUS;"9693";Di;Augusto - Martini;Barrato;"4.74";"17";9.21561657759482;45.452194964189;"(45.452194964189, 9.21561657759482)"
"85";BUS;"13664";As;L.go Augusto - P.za Napoli;Canonico;"7.47";"24";9.17582564927684;45.4678804529961;"(45.4678804529961, 9.17582564927684)"
"85";BUS;"13665";Di;P.za Napoli - L.go Augusto;Canonico;"7.23";"25";9.17723635868108;45.4677770923688;"(45.4677770923688, 9.17723635868108)"
"86";BUS;"14015";Di;Ca' Granda M5 - Crescenzago M2 (LAV. C.na Gobba);Canonico;"8.79";"30";9.2292226825711;45.5111980893577;"(45.5111980893577, 9.2292226825711)"
"86";BUS;"14016";As;Crescenzago M2 - Ca' Granda M5 (LAV. C.na Gobba);Canonico;"8.07";"28";9.22552334787688;45.5113478915899;"(45.5113478915899, 9.22552334787688)"
"87";BUS;"8758";As;Villa San Giovanni M1 - Stz Centrale;Canonico;"7.69";"24";9.21553937751278;45.5092628615121;"(45.5092628615121, 9.21553937751278)"
"87";BUS;"8806";Di;Stz Centrale - Villa san Giovanni M1;Canonico;"7.57";"21";9.21558368196573;45.5086287602145;"(45.5086287602145, 9.21558368196573)"
"88";BUS;"13142";As;Rogoredo FS M3 - Aviazione;Barrato;"5.10";"16";9.24968599212133;45.4465634754534;"(45.4465634754534, 9.24968599212133)"
"88";BUS;"13399";Di;Linate - Rogoredo M3;Canonico;"4.60";"12";9.25363195801412;45.4430544122107;"(45.4430544122107, 9.25363195801412)"
"88";BUS;"13809";As;Rogoredo M3 - Linate;Canonico;"4.77";"14";9.25361862408509;45.4425335344554;"(45.4425335344554, 9.25361862408509)"
"88";BUS;"8655";Di;Aviazione - Rogoredo FS M3;Barrato;"4.87";"14";9.24983543126868;45.4469099681401;"(45.4469099681401, 9.24983543126868)"
"89";BUS;"13952";As;Novate Milanese - Ciccotti;Canonico;"4.74";"12";9.14865208093656;45.5302660619404;"(45.5302660619404, 9.14865208093656)"
"89";BUS;"13953";As;Novate Milanese - Litta Modignani (trans.cim) (mercato Sabato);Barrato;"6.78";"19";9.14856966451603;45.5287655789622;"(45.5287655789622, 9.14856966451603)"
"89";BUS;"13954";As;Novate Milanese - Ciccotti ( Trans. Cimitero );Barrato;"6.43";"16";9.14769672211804;45.5290010289139;"(45.5290010289139, 9.14769672211804)"
"89";BUS;"13956";As;Novate Milanese - Comasina/Ciccotti  (mercato Sabato);Barrato;"5.09";"15";9.1497491852664;45.5298360819902;"(45.5298360819902, 9.1497491852664)"
"89";BUS;"13957";Di;Ciccotti - Novate Milanese;Canonico;"5.92";"13";9.15071454811267;45.5313000327627;"(45.5313000327627, 9.15071454811267)"
"89";BUS;"13958";Di;Ciccotti - Novate Milanese  (Trans.Cimitero);Barrato;"7.76";"17";9.14938678335539;45.5299499224552;"(45.5299499224552, 9.14938678335539)"
"89";BUS;"13959";Di;Litta Modignan - Novate Milanese (Trans.Cim) (mercato sabato);Barrato;"7.38";"17";9.14860135048357;45.5303385398445;"(45.5303385398445, 9.14860135048357)"
"89";BUS;"13960";Di;Litta Modignani - Novate Milanese (mercato Sabato);Barrato;"5.53";"13";9.14973875923802;45.5319173920155;"(45.5319173920155, 9.14973875923802)"
"9";TRAM;"8666";As;Dep Ticinese - Staz. Centrale (LAV. Genova/Colombo);Barrato;"6.82";"23";9.19910018137018;45.4648676764372;"(45.4648676764372, 9.19910018137018)"
"9";TRAM;"9964";Di;Staz Centrale - Dep Ticinese(LAV. Genova/Colombo);Barrato;"6.59";"22";9.19962020412395;45.464810704463;"(45.464810704463, 9.19962020412395)"
"90";FILOBUS;"3575";Di;Lotto - Isonzo;Canonico;"12.91";"40";9.1944436560306;45.4802311984129;"(45.4802311984129, 9.1944436560306)"
"90";FILOBUS;"4086";As;Isonzo - Lotto (Circolare Destra);Canonico;"8.07";"24";9.16852150315915;45.4529201971564;"(45.4529201971564, 9.16852150315915)"
"901";BUS;"13996";As;San Donato M3 - Aeroporto di Linate (trans. Peschiera B.);Canonico;"19.45";"25";9.29050920604142;45.4477341800711;"(45.4477341800711, 9.29050920604142)"
"901";BUS;"13999";Di;Aeroporto di Linate (trans. Peschiera B.) - San Donato M3;Canonico;"18.39";"23";9.29070064631047;45.4478335731384;"(45.4478335731384, 9.29070064631047)"
"902";BUS;"13839";As;S. Donato M3 (Marignano) - Peschiera B.;Canonico;"13.69";"26";9.28730802817717;45.4298596417551;"(45.4298596417551, 9.28730802817717)"
"902";BUS;"13840";Di;Peschiera B. - S. Donato M3 (Marignano);Canonico;"11.37";"22";9.28422032784562;45.4292236202001;"(45.4292236202001, 9.28422032784562)"
"903";BUS;"13511";Di;Linate - San Donato  (Festivo);Canonico;"25.01";"39";9.29408172935496;45.4411852437535;"(45.4411852437535, 9.29408172935496)"
"903";BUS;"13512";As;San Donato - Linate (Festivo);Canonico;"25.75";"42";9.29315953831702;45.4415379267285;"(45.4415379267285, 9.29315953831702)"
"91";FILOBUS;"3578";As;Isonzo - Lotto;Canonico;"13.16";"40";9.19463366984679;45.4800690906073;"(45.4800690906073, 9.19463366984679)"
"91";FILOBUS;"4084";Di;Lotto - Isonzo (Circolare sinistra);Canonico;"8.12";"25";9.16868342482539;45.4529147315402;"(45.4529147315402, 9.16868342482539)"
"92";FILOBUS;"10552";As;Vare' - Isonzo (limita causa mercato la Domenica);Barrato;"10.51";"31";9.20008169674586;45.4767592986976;"(45.4767592986976, 9.20008169674586)"
"92";FILOBUS;"12759";As;Bovisa FN - Isonzo;Canonico;"11.22";"34";9.1976674568308;45.4784949948254;"(45.4784949948254, 9.1976674568308)"
"92";FILOBUS;"12761";Di;Isonzo - Bovisa FN;Canonico;"10.29";"33";9.19625811948619;45.4829402326678;"(45.4829402326678, 9.19625811948619)"
"92";FILOBUS;"13384";Di;Isonzo - Vare' (limita causa mercato la Domenica);Barrato;"9.48";"30";9.1991937856841;45.4810458076811;"(45.4810458076811, 9.1991937856841)"
"924";BUS;"13154";As;Milano (Bottini) - Segrate (S.Ambrogio);Canonico;"9.26";"22";9.272308333149;45.4840895415766;"(45.4840895415766, 9.272308333149)"
"924";BUS;"13155";As;Milano (Bottini) - Vimodrone (C.na Burrona);Barrato;"14.63";"34";9.2807572756184;45.4907352053091;"(45.4907352053091, 9.2807572756184)"
"924";BUS;"13156";As;Milano (Bottini) - Vimodrone (C.Burrona) (senza trans. Redecesio);Barrato;"13.79";"31";9.2813421515138;45.4913953067005;"(45.4913953067005, 9.2813421515138)"
"924";BUS;"13158";Di;Segrate (S.Ambrogio) - Milano (Bottini);Canonico;"11.45";"29";9.2732034133731;45.4864139562883;"(45.4864139562883, 9.2732034133731)"
"924";BUS;"13159";Di;Segrate (S.Ambrogio) - Milano (Bottini) (senza trans. Redecesio);Barrato;"10.57";"26";9.27346429304318;45.4869972343268;"(45.4869972343268, 9.27346429304318)"
"924";BUS;"13161";Di;Vimodrone (C.na Burrona) - Milano (Bottini);Barrato;"15.16";"36";9.27921466834061;45.4906941864044;"(45.4906941864044, 9.27921466834061)"
"925";BUS;"10146";As;Milano (Cascina Gobba M2) - Segrate (F.lli Cervi);Barrato;"3.11";"10";9.26587976392874;45.5051443095962;"(45.5051443095962, 9.26587976392874)"
"925";BUS;"10147";As;Milano (Cascina Gobba M2) - Milano (via Olgettina);Barrato;"1.49";"5";9.26475250730533;45.5109637571388;"(45.5109637571388, 9.26475250730533)"
"925";BUS;"10148";As;Milano (Cascina Gobba M2) - Milano (Udine);Canonico;"6.72";"17";9.25656347853806;45.4986532422337;"(45.4986532422337, 9.25656347853806)"
"925";BUS;"10149";As;Milano (Cascina Gobba M2) - Segrate (Abruzzi);Barrato;"6.23";"16";9.26642601035036;45.4961979479771;"(45.4961979479771, 9.26642601035036)"
"925";BUS;"4701";Di;Segrate (F.lli Cervi) - Milano (Cascina Gobba M2);Barrato;"3.26";"9";9.26566397520823;45.5057800500029;"(45.5057800500029, 9.26566397520823)"
"925";BUS;"4702";Di;Milano (Olgettina) - Milano (Cascina Gobba M2);Barrato;"1.52";"4";9.26473791667147;45.5115344054612;"(45.5115344054612, 9.26473791667147)"
"925";BUS;"4703";Di;Milano (Udine) - Milano (Cascina Gobba M2);Canonico;"6.14";"14";9.25849361638804;45.4994757758173;"(45.4994757758173, 9.25849361638804)"
"925";BUS;"7691";Di;Segrate (Abruzzi) - Milano (Cascina Gobba M2);Barrato;"6.42";"16";9.26656242757032;45.4965831821283;"(45.4965831821283, 9.26656242757032)"
"926";BUS;"10150";As;Peschiera B. (San Felicino) - Segrate FS;Canonico;"5.05";"7";9.30546820248326;45.47023284643;"(45.47023284643, 9.30546820248326)"
"926";BUS;"10151";Di;Segrate FS - Peschiera B. (San Felicino);Canonico;"4.81";"7";9.30574725866757;45.4694727055355;"(45.4694727055355, 9.30574725866757)"
"927";BUS;"12819";As;S. Felice (Giovanni XXII) - Vimodrone;Canonico;"2.99";"6";9.28658491092608;45.508112225239;"(45.508112225239, 9.28658491092608)"
"927";BUS;"12820";Di;Vimodrone - Segrate (Giovanni XXIII);Canonico;"5.42";"11";9.28662684740518;45.5061063262413;"(45.5061063262413, 9.28662684740518)"
"93";FILOBUS;"13972";As;Bottini - Omero;Canonico;"7.02";"24";9.22733610256987;45.4606644100009;"(45.4606644100009, 9.22733610256987)"
"93";FILOBUS;"13974";Di;Omero - Bottini;Canonico;"6.87";"22";9.22736807614033;45.4603980609043;"(45.4603980609043, 9.22736807614033)"
"94";BUS;"13759";As;P.ta Volta - De Amicis (LAV. CHIUSURA CARDUCCI);Canonico;"5.92";"22";9.18809377863468;45.4651921059097;"(45.4651921059097, 9.18809377863468)"
"94";BUS;"13760";Di;De Amicis - P.ta Volta (LAV. CHIUSURA CARDUCCI);Canonico;"6.08";"20";9.18939130737949;45.467691030948;"(45.467691030948, 9.18939130737949)"
"95";BUS;"12490";As;Rogoredo - Barona;Canonico;"9.02";"30";9.18697342474295;45.437754818346;"(45.437754818346, 9.18697342474295)"
"95";BUS;"12491";Di;Barona - Rogoredo;Canonico;"9.20";"30";9.19091339157383;45.4375149721899;"(45.4375149721899, 9.19091339157383)"
"965";BUS;"13019";;Milano - Pioltello;Canonico;"11.30";"16";9.2830398235566;45.4945977396001;"(45.4945977396001, 9.2830398235566)"
"965";BUS;"13021";;Milano - Pioltello (Mercato Sabato);Barrato;"10.63";"15";9.28098089782223;45.4939293107244;"(45.4939293107244, 9.28098089782223)"
"965";BUS;"13084";;Pioltello - Milano;Canonico;"12.65";"17";9.28282284242364;45.4945830438027;"(45.4945830438027, 9.28282284242364)"
"965";BUS;"13494";;Pioltello  - Milano (Mercato sabato);Barrato;"12.23";"16";9.28169148438376;45.4941792915214;"(45.4941792915214, 9.28169148438376)"
"973";BUS;"13696";As;Peschiera B. - Aeroporto;Canonico;"8.57";"14";9.29612292778974;45.4693970282021;"(45.4693970282021, 9.29612292778974)"
"973";BUS;"13828";Di;P.za Ovidio - Peschiera B.;Canonico;"12.13";"22";9.282239143671;45.4666910456505;"(45.4666910456505, 9.282239143671)"
"973";BUS;"13830";Di;Aeroporto - Peschiera B. (trans. IBM);Barrato;"8.28";"16";9.29772696492437;45.4697895433895;"(45.4697895433895, 9.29772696492437)"
"973";BUS;"13842";Di;P.za Ovidio - Peschiera B. (trans. IBM);Barrato;"12.33";"23";9.28261188012752;45.4667428546525;"(45.4667428546525, 9.28261188012752)"
"973";BUS;"13864";As;Peschiera B. - P.za Ovidio;Canonico;"12.39";"20";9.28269861915296;45.4668076878888;"(45.4668076878888, 9.28269861915296)"
"973";BUS;"13865";As;Peschiera B. - P.za Ovidio (trans. IBM);Barrato;"12.75";"21";9.28329099993324;45.4668856202053;"(45.4668856202053, 9.28329099993324)"
"98";BUS;"13915";Di;Lotto M1 M5 - Famagosta M2;Canonico;"8.26";"23";9.14760127811239;45.451687543387;"(45.451687543387, 9.14760127811239)"
"98";BUS;"9899";As;Famagosta M2 - Lotto M1 M5;Canonico;"7.86";"23";9.14627481764211;45.4532172137094;"(45.4532172137094, 9.14627481764211)"
"99";BUS;"11652";As;Noverasco - Vigentino;Canonico;"3.90";"7";9.20781459471915;45.4061784992761;"(45.4061784992761, 9.20781459471915)"
"99";BUS;"11653";Di;Vigentino - Noverasco;Canonico;"4.82";"8";9.20809744057435;45.4043410360122;"(45.4043410360122, 9.20809744057435)"
