tipo_via;civico;CODICE_VIA;CAP;MUNICIPIO;ID_NIL;NIL;LONG_WGS84;LAT_WGS84;Location
VIA STIGLIANO;88;6720;20153;7;87;Parco Agricolo Sud;9.04388655954;45.4657534271;45.4657534271, 9.04388655954
VIA IDRO;61;2414;20132;2;17;ADRIANO;9.25799511618;45.5183830554;45.5183830554, 9.25799511618
VIA OLGETTINA;30;2530;20132;3;18;Parco Lambro - CIMIANO;9.26430395568;45.5097591921;45.5097591921, 9.26430395568
VIA DAIMLER GOTTLIEB WILHELM;20;7587;20151;8;72;MAGGIORE - MUSOCCO;9.09891515836;45.5114226219;45.5114226219, 9.09891515836
VIA CORELLI ARCANGELO;136;3243;20134;3;24;Parco Forlanini - ORTICA;9.26362690712;45.4699549803;45.4699549803, 9.26362690712
VIA NOCE TERESA;5;5458;20142;5;41;GRATOSOGLIO - TICINELLO;9.16984070557;45.4172682024;45.4172682024, 9.16984070557
VIA RIPAMONTI GIUSEPPE;483N01;4066;20141;5;85;Parco delle Abbazie;9.20818329473;45.4082035376;45.4082035376, 9.20818329473
VIA BROGGINI BONAVENTURA;31;6700;20152;7;55;BAGGIO;9.09551299673;45.4652411187;45.4652411187, 9.09551299673
VIA CESARI ANTONIO;40;1603;20162;9;84;Parco Nord;9.18495362325;45.5196943457;45.5196943457, 9.18495362325
VIA AIRAGHI GAETANO;131;6330;20153;7;88;Parco Bosco in città;9.07875814647;45.4711581801;45.4711581801, 9.07875814647
VIA MUGGIANO;76;6715;20152;7;87;Parco Agricolo Sud;9.07802249901;45.4449962712;45.4449962712, 9.07802249901
VIA RIZZOLI ANGELO;70;2588;20132;3;18;Parco Lambro - CIMIANO;9.2551074817;45.5078150408;45.5078150408, 9.2551074817
VIA PASOLINI PIER PAOLO;7;7614;20151;8;72;MAGGIORE - MUSOCCO;9.10080676691;45.5085029083;45.5085029083, 9.10080676691
VIA PASOLINI PIER PAOLO;9;7614;20151;8;72;MAGGIORE - MUSOCCO;9.10091912639;45.5090030643;45.5090030643, 9.10091912639
VIA PASOLINI PIER PAOLO;19;7614;20151;8;72;MAGGIORE - MUSOCCO;9.09946508542;45.5121137344;45.5121137344, 9.09946508542
VIA PASOLINI PIER PAOLO;19P01;7614;20151;8;72;MAGGIORE - MUSOCCO;9.09927723961;45.5122343846;45.5122343846, 9.09927723961
VIA PASOLINI PIER PAOLO;19P02;7614;20151;8;72;MAGGIORE - MUSOCCO;9.09975872941;45.5120059415;45.5120059415, 9.09975872941
VIA PRATO;28P01;6926;20152;7;56;FORZE ARMATE;9.10367723907;45.4531757411;45.4531757411, 9.10367723907
VIA VALPOLICELLA;22;5361;20142;6;48;RONCHETTO S/N;9.13351022678;45.4349390117;45.4349390117, 9.13351022678
VIA MENGONI LUIGI;3P01;6930;20152;6;53;LORENTEGGIO;9.10747627729;45.4538476285;45.4538476285, 9.10747627729
VIA PASTA GIUDITTA;136P01;1583;20161;9;84;Parco Nord;9.17901139161;45.5297647834;45.5297647834, 9.17901139161
PIAZZALE MARTIRI DELLA DEPORTAZIONE;1P01;1697;20161;9;84;Parco Nord;9.1794727367;45.5293020822;45.5293020822, 9.1794727367
VIA MARTIRANO;1;6725;20152;7;87;Parco Agricolo Sud;9.06029463226;45.4359414005;45.4359414005, 9.06029463226
VIA KULISCIOFF ANNA;37P01;6812;20152;6;53;LORENTEGGIO;9.11267876067;45.446399416;45.446399416, 9.11267876067
VIA CAMPORGNAGO;59;4358;20141;5;39;QUINTOSOLE;9.20623279712;45.3937614575;45.3937614575, 9.20623279712
VIA RASARIO GIOVANNI BATTISTA;18D;6840;20153;7;63;FIGINO;9.07547095752;45.4908761131;45.4908761131, 9.07547095752
VIA DE CHIRICO GIORGIO;6I;6865;20151;8;88;Parco Bosco in città;9.0978711579;45.4914442039;45.4914442039, 9.0978711579
VIA DE CHIRICO GIORGIO;6D;6865;20151;8;88;Parco Bosco in città;9.09783782591;45.4928087959;45.4928087959, 9.09783782591
VIA BROGGINI BONAVENTURA;31P01;6700;20152;7;55;BAGGIO;9.09572185144;45.4653308646;45.4653308646, 9.09572185144
VIA PASOLINI PIER PAOLO;2;7614;20151;8;72;MAGGIORE - MUSOCCO;9.10406741064;45.5064964591;45.5064964591, 9.10406741064
VIA PASOLINI PIER PAOLO;4;7614;20151;8;72;MAGGIORE - MUSOCCO;9.10408171182;45.5065556187;45.5065556187, 9.10408171182
VIA PASOLINI PIER PAOLO;4P01;7614;20151;8;72;MAGGIORE - MUSOCCO;9.10409015598;45.5066110499;45.5066110499, 9.10409015598
VIALE RUBICONE;29;1568;20161;9;83;BRUZZANO;9.16304480223;45.530374288;45.530374288, 9.16304480223
VIALE RUBICONE;30;1568;20161;9;83;BRUZZANO;9.16430127222;45.5298047021;45.5298047021, 9.16430127222
VIALE RUBICONE;31;1568;20161;9;83;BRUZZANO;9.16268659721;45.5308992709;45.5308992709, 9.16268659721
VIA COMASINA;80;1573;20161;9;83;BRUZZANO;9.16357697229;45.5289300267;45.5289300267, 9.16357697229
VIA COMASINA;138;1573;20161;9;83;BRUZZANO;9.16185405657;45.5332383203;45.5332383203, 9.16185405657
VIA ORNATO LUIGI;169;1591;20161;9;84;Parco Nord;9.19252319255;45.5276990104;45.5276990104, 9.19252319255
VIA ORNATO LUIGI;174/6;1591;20162;9;84;Parco Nord;9.19377824051;45.5273356745;45.5273356745, 9.19377824051
VIA PESARO;50;1636;20161;9;83;BRUZZANO;9.17098647797;45.5343436927;45.5343436927, 9.17098647797
VIA SENIGALLIA;12/8;1708;20161;9;83;BRUZZANO;9.16929344202;45.535269856;45.535269856, 9.16929344202
VIA COMBONI DANIELE;8;1715;20161;9;84;Parco Nord;9.18450077802;45.5249020457;45.5249020457, 9.18450077802
VIA FINANZIERI D'ITALIA;14;1729;20162;9;14;NIGUARDA - CA' GRANDA;9.2004152256;45.528737119;45.528737119, 9.2004152256
VIA PADOVA;366;2275;20132;3;18;Parco Lambro - CIMIANO;9.25741594986;45.5117177825;45.5117177825, 9.25741594986
VIA PADOVA;370;2275;20132;3;18;Parco Lambro - CIMIANO;9.25788215214;45.5118491132;45.5118491132, 9.25788215214
VIA PADOVA;389;2275;20132;2;17;ADRIANO;9.26012678961;45.5125621502;45.5125621502, 9.26012678961
VIA PADOVA;390M01;2275;20132;3;18;Parco Lambro - CIMIANO;9.26018562746;45.5114623263;45.5114623263, 9.26018562746
VIA PADOVA;395;2275;20132;2;17;ADRIANO;9.26111506667;45.5128242243;45.5128242243, 9.26111506667
VIA PADOVA;401;2275;20132;2;17;ADRIANO;9.26287981334;45.5134229323;45.5134229323, 9.26287981334
VIA TRASIMENO;86/10;2411;20128;2;17;ADRIANO;9.2499762482;45.5177778987;45.5177778987, 9.2499762482
VIA MAMETE (SAN);98;2413;20128;2;17;ADRIANO;9.25367273206;45.5145938529;45.5145938529, 9.25367273206
VIA MAMETE (SAN);110;2413;20128;2;17;ADRIANO;9.25464279219;45.5173141295;45.5173141295, 9.25464279219
VIA IDRO;50;2414;20132;2;17;ADRIANO;9.25490593389;45.5146664684;45.5146664684, 9.25490593389
VIA IDRO;62;2414;20132;2;17;ADRIANO;9.25838217868;45.5185428283;45.5185428283, 9.25838217868
VIA IDRO;65;2414;20132;2;17;ADRIANO;9.25878116002;45.5189501959;45.5189501959, 9.25878116002
VIA OLGETTINA;65;2530;20132;3;18;Parco Lambro - CIMIANO;9.27354567689;45.5052420466;45.5052420466, 9.27354567689
VIA OLGETTINA;70;2530;20132;3;18;Parco Lambro - CIMIANO;9.27411012073;45.5049337001;45.5049337001, 9.27411012073
VIA OLGETTINA;80;2530;20132;3;18;Parco Lambro - CIMIANO;9.27575263902;45.5042371989;45.5042371989, 9.27575263902
VIA RIZZOLI ANGELO;86/6;2588;20132;3;18;Parco Lambro - CIMIANO;9.25954512058;45.5104791407;45.5104791407, 9.25954512058
CAVALCAVIA CASCINA GOBBA;18;2610;20132;2;17;ADRIANO;9.26314954508;45.513702803;45.513702803, 9.26314954508
CAVALCAVIA CASCINA GOBBA;22;2610;20132;2;17;ADRIANO;9.26578168612;45.5130841664;45.5130841664, 9.26578168612
VIA RUBATTINO RAFFAELE;94;2686;20134;3;23;LAMBRATE;9.26316703258;45.4797207126;45.4797207126, 9.26316703258
VIA CIMA CAMILLO E OTTO;48;2690;20134;3;23;LAMBRATE;9.25463699087;45.4732100634;45.4732100634, 9.25463699087
VIA CIMA CAMILLO E OTTO;50;2690;20134;3;23;LAMBRATE;9.25571548574;45.4734060264;45.4734060264, 9.25571548574
VIA CIMA CAMILLO E OTTO;101/31/A;2690;20134;3;23;LAMBRATE;9.26091245975;45.4767172887;45.4767172887, 9.26091245975
VIA CIMA CAMILLO E OTTO;101/31/B;2690;20134;3;23;LAMBRATE;9.26083801097;45.4769078179;45.4769078179, 9.26083801097
VIA LICATA;41;2692;20134;3;18;Parco Lambro - CIMIANO;9.25111177711;45.498681579;45.498681579, 9.25111177711
VIA LICATA;43;2692;20134;3;18;Parco Lambro - CIMIANO;9.25178897568;45.4990107653;45.4990107653, 9.25178897568
VIALE VAN GOGH VINCENT;2;2698;20134;3;18;Parco Lambro - CIMIANO;9.2490481349;45.4953062471;45.4953062471, 9.2490481349
VIALE VAN GOGH VINCENT;10;2698;20134;3;18;Parco Lambro - CIMIANO;9.25254165609;45.4949216368;45.4949216368, 9.25254165609
VIALE TURCHIA;44;2700;20134;3;18;Parco Lambro - CIMIANO;9.25606503998;45.4948577625;45.4948577625, 9.25606503998
PIAZZA CADUTI E DISPERSI IN RUSSIA;1;2703;20134;3;18;Parco Lambro - CIMIANO;9.25524646006;45.4899783568;45.4899783568, 9.25524646006
VIA PESCARA;99;5445;20142;5;85;Parco delle Abbazie;9.18270109318;45.3960602688;45.3960602688, 9.18270109318
VIA CORELLI ARCANGELO;35B;3243;20134;3;24;Parco Forlanini - ORTICA;9.25400823305;45.4723499623;45.4723499623, 9.25400823305
VIA CORELLI ARCANGELO;51;3243;20134;3;24;Parco Forlanini - ORTICA;9.25368942185;45.4714491994;45.4714491994, 9.25368942185
VIA CORELLI ARCANGELO;134;3243;20134;4;24;Parco Forlanini - ORTICA;9.26105170131;45.469215306;45.469215306, 9.26105170131
VIA CORELLI ARCANGELO;138;3243;20134;4;24;Parco Forlanini - ORTICA;9.26526901848;45.4706627736;45.4706627736, 9.26526901848
VIA CORELLI ARCANGELO;142;3243;20134;3;24;Parco Forlanini - ORTICA;9.26601002708;45.471599413;45.471599413, 9.26601002708
VIA TAVERNA;71;3260;20134;4;24;Parco Forlanini - ORTICA;9.25679971186;45.465211132;45.465211132, 9.25679971186
VIA TAVERNA;72;3260;20134;4;24;Parco Forlanini - ORTICA;9.25663404815;45.4650517023;45.4650517023, 9.25663404815
VIA TAVERNA;85;3260;20134;4;24;Parco Forlanini - ORTICA;9.25891201941;45.4636040339;45.4636040339, 9.25891201941
VIA SALESINA;71;3261;20134;4;24;Parco Forlanini - ORTICA;9.26803989084;45.4672739941;45.4672739941, 9.26803989084
VIALE FORLANINI ENRICO;37;3318;20134;4;24;Parco Forlanini - ORTICA;9.24630338915;45.4621461944;45.4621461944, 9.24630338915
VIALE FORLANINI ENRICO;75;3318;20134;4;24;Parco Forlanini - ORTICA;9.25678421054;45.4620749427;45.4620749427, 9.25678421054
VIALE FORLANINI ENRICO;86;3318;20138;4;31;Parco Monluè - PONTE LAMBRO;9.25868025945;45.461556825;45.461556825, 9.25868025945
VIALE FORLANINI ENRICO;121;3318;20134;4;24;Parco Forlanini - ORTICA;9.26752464953;45.4620141152;45.4620141152, 9.26752464953
VIALE AVIAZIONE (DELL');65;3319;20138;4;31;Parco Monluè - PONTE LAMBRO;9.25988848004;45.4547989971;45.4547989971, 9.25988848004
VIA MONLUE';143;3320;20138;4;31;Parco Monluè - PONTE LAMBRO;9.26199047761;45.4467555477;45.4467555477, 9.26199047761
VIA MONLUE';147;3320;20138;4;31;Parco Monluè - PONTE LAMBRO;9.26055942364;45.4489600061;45.4489600061, 9.26055942364
VIA BONFADINI ROMUALDO;160;3341;20138;4;30;MECENATE;9.25498087225;45.4447066481;45.4447066481, 9.25498087225
VIA BONFADINI ROMUALDO;162;3341;20138;4;30;MECENATE;9.25522240228;45.4446053187;45.4446053187, 9.25522240228
VIA BONFADINI ROMUALDO;164;3341;20138;4;30;MECENATE;9.25542533799;45.4445104851;45.4445104851, 9.25542533799
VIA BONFADINI ROMUALDO;166;3341;20138;4;30;MECENATE;9.25554017861;45.4444572126;45.4444572126, 9.25554017861
VIA BONFADINI ROMUALDO;168;3341;20138;4;30;MECENATE;9.2558658754;45.4443178257;45.4443178257, 9.2558658754
VIA MORSENCHIO;32;3343;20138;4;30;MECENATE;9.24680387922;45.4428579686;45.4428579686, 9.24680387922
VIA MARIGNANO;75;3351;20138;4;31;Parco Monluè - PONTE LAMBRO;9.26386819371;45.4336508909;45.4336508909, 9.26386819371
VIA MARIGNANO;77;3351;20138;4;31;Parco Monluè - PONTE LAMBRO;9.2641267046;45.4339229096;45.4339229096, 9.2641267046
VIA MARIGNANO;81;3351;20138;4;31;Parco Monluè - PONTE LAMBRO;9.26474639662;45.4337661014;45.4337661014, 9.26474639662
STRADA PAULLESE;9/1;3373;20138;4;31;Parco Monluè - PONTE LAMBRO;9.26245692064;45.4333355102;45.4333355102, 9.26245692064
STRADA PAULLESE;9;3373;20138;4;31;Parco Monluè - PONTE LAMBRO;9.26181618558;45.4334860422;45.4334860422, 9.26181618558
VIA RIPAMONTI GIUSEPPE;561;4066;20141;5;85;Parco delle Abbazie;9.20938739384;45.4017137259;45.4017137259, 9.20938739384
VIA RIPAMONTI GIUSEPPE;567;4066;20141;5;85;Parco delle Abbazie;9.20990175659;45.4006822687;45.4006822687, 9.20990175659
VIA RIPAMONTI GIUSEPPE;580;4066;20141;5;85;Parco delle Abbazie;9.20906794753;45.4012417715;45.4012417715, 9.20906794753
VIA RIPAMONTI GIUSEPPE;584;4066;20141;5;85;Parco delle Abbazie;9.2093108466;45.4006340512;45.4006340512, 9.2093108466
VIA RIPAMONTI GIUSEPPE;586;4066;20141;5;39;QUINTOSOLE;9.20952924501;45.3998185554;45.3998185554, 9.20952924501
VIA RIPAMONTI GIUSEPPE;591;4066;20141;5;85;Parco delle Abbazie;9.21064122997;45.3982710896;45.3982710896, 9.21064122997
VIA RIPAMONTI GIUSEPPE;606;4066;20141;5;39;QUINTOSOLE;9.21026886661;45.3970288761;45.3970288761, 9.21026886661
VIA CAMPAZZINO;48;4251;20141;5;42;STADERA;9.18843275433;45.4302891811;45.4302891811, 9.18843275433
VIA CAMPAZZINO;50;4251;20141;5;42;STADERA;9.18819766791;45.4304720684;45.4304720684, 9.18819766791
VIA CAMPAZZINO;51;4251;20141;5;42;STADERA;9.19200219933;45.4306020547;45.4306020547, 9.19200219933
VIA CAMPAZZINO;55;4251;20141;5;42;STADERA;9.19147588988;45.4287671325;45.4287671325, 9.19147588988
VIA CAMPAZZINO;68;4251;20141;5;42;STADERA;9.19116691164;45.4292362457;45.4292362457, 9.19116691164
VIA CAMPAZZINO;69;4251;20141;5;42;STADERA;9.19252787277;45.4265394136;45.4265394136, 9.19252787277
VIA CAMPAZZINO;72;4251;20141;5;42;STADERA;9.1911381431;45.4287907404;45.4287907404, 9.1911381431
VIA CAMPAZZINO;73;4251;20141;5;42;STADERA;9.19116999197;45.4261442743;45.4261442743, 9.19116999197
VIA CAMPAZZINO;74;4251;20141;5;42;STADERA;9.19124133976;45.4282928686;45.4282928686, 9.19124133976
VIA CAMPAZZINO;90;4251;20142;5;85;Parco delle Abbazie;9.18664749194;45.4235583419;45.4235583419, 9.18664749194
VIA VAIANO VALLE;32;4280;20141;5;85;Parco delle Abbazie;9.21411642284;45.4292722929;45.4292722929, 9.21411642284
VIA VAIANO VALLE;41;4280;20141;5;85;Parco delle Abbazie;9.21518436699;45.4294159597;45.4294159597, 9.21518436699
VIA VAIANO VALLE;43;4280;20141;5;85;Parco delle Abbazie;9.21633585807;45.429205001;45.429205001, 9.21633585807
VIA VAIANO VALLE;45;4280;20141;5;85;Parco delle Abbazie;9.21652679049;45.4291323012;45.4291323012, 9.21652679049
VIA VAIANO VALLE;47;4280;20141;5;85;Parco delle Abbazie;9.2172653395;45.4283798836;45.4283798836, 9.2172653395
VIA VAIANO VALLE;49;4280;20141;5;85;Parco delle Abbazie;9.21645679197;45.4285264526;45.4285264526, 9.21645679197
VIA VAIANO VALLE;57;4280;20141;5;85;Parco delle Abbazie;9.21653208786;45.4257178301;45.4257178301, 9.21653208786
VIA VAIANO VALLE;59;4280;20141;5;85;Parco delle Abbazie;9.21720891273;45.424209005;45.424209005, 9.21720891273
VIA VAIANO VALLE;60;4280;20141;5;85;Parco delle Abbazie;9.21719861624;45.4236177316;45.4236177316, 9.21719861624
VIA DIONIGI (SAN);20;4290;20139;5;36;SCALO ROMANA;9.2168802012;45.4352166053;45.4352166053, 9.2168802012
VIA DIONIGI (SAN);22;4290;20139;5;36;SCALO ROMANA;9.21687756913;45.4350787394;45.4350787394, 9.21687756913
VIA DIONIGI (SAN);24;4290;20139;5;36;SCALO ROMANA;9.21687932444;45.4349407565;45.4349407565, 9.21687932444
VIA DIONIGI (SAN);26;4290;20139;5;36;SCALO ROMANA;9.21688621003;45.4347928804;45.4347928804, 9.21688621003
VIA DIONIGI (SAN);28;4290;20139;5;36;SCALO ROMANA;9.21689213622;45.4346579679;45.4346579679, 9.21689213622
VIA DIONIGI (SAN);30;4290;20139;5;36;SCALO ROMANA;9.21783736512;45.4344909291;45.4344909291, 9.21783736512
VIA DIONIGI (SAN);36;4290;20139;5;36;SCALO ROMANA;9.21874132631;45.4334285608;45.4334285608, 9.21874132631
VIA DIONIGI (SAN);40;4290;20139;5;36;SCALO ROMANA;9.21964741921;45.4331058109;45.4331058109, 9.21964741921
VIA DIONIGI (SAN);42;4290;20139;5;36;SCALO ROMANA;9.22011137121;45.4327323096;45.4327323096, 9.22011137121
VIA DIONIGI (SAN);48;4290;20139;5;36;SCALO ROMANA;9.22071106763;45.4324587288;45.4324587288, 9.22071106763
VIA DIONIGI (SAN);50;4290;20139;5;36;SCALO ROMANA;9.22071244115;45.4323213869;45.4323213869, 9.22071244115
VIA DIONIGI (SAN);52;4290;20139;5;36;SCALO ROMANA;9.22071684379;45.4321729523;45.4321729523, 9.22071684379
VIA DIONIGI (SAN);54;4290;20139;5;36;SCALO ROMANA;9.22072510201;45.4320405773;45.4320405773, 9.22072510201
VIA DIONIGI (SAN);56;4290;20139;5;36;SCALO ROMANA;9.22072613417;45.4319111346;45.4319111346, 9.22072613417
VIA DIONIGI (SAN);58;4290;20139;5;36;SCALO ROMANA;9.220730173;45.4317693552;45.4317693552, 9.220730173
VIA DIONIGI (SAN);60;4290;20139;5;36;SCALO ROMANA;9.22073756882;45.4316328766;45.4316328766, 9.22073756882
VIA MACCONAGO;50;4298;20141;5;85;Parco delle Abbazie;9.21198350345;45.4182659697;45.4182659697, 9.21198350345
VIA SELVANESCO;22;4350;20141;5;85;Parco delle Abbazie;9.19951364763;45.4193627607;45.4193627607, 9.19951364763
VIA SELVANESCO;25;4350;20141;5;85;Parco delle Abbazie;9.19585742627;45.4177809504;45.4177809504, 9.19585742627
VIA SELVANESCO;28;4350;20141;5;85;Parco delle Abbazie;9.19588803097;45.4191258662;45.4191258662, 9.19588803097
VIA SELVANESCO;30;4350;20141;5;85;Parco delle Abbazie;9.19433781188;45.4188925976;45.4188925976, 9.19433781188
VIA SELVANESCO;36;4350;20141;5;85;Parco delle Abbazie;9.19306575432;45.4198777123;45.4198777123, 9.19306575432
VIA SELVANESCO;50;4350;20141;5;85;Parco delle Abbazie;9.18534315791;45.4153287243;45.4153287243, 9.18534315791
VIA SELVANESCO;52;4350;20141;5;85;Parco delle Abbazie;9.18490157666;45.4150989871;45.4150989871, 9.18490157666
VIA SELVANESCO;57;4350;20141;5;85;Parco delle Abbazie;9.18535076035;45.4152201617;45.4152201617, 9.18535076035
VIA SELVANESCO;60;4350;20142;5;85;Parco delle Abbazie;9.18259728926;45.4156852728;45.4156852728, 9.18259728926
VIA SELVANESCO;61;4350;20142;5;85;Parco delle Abbazie;9.18308318979;45.4118385546;45.4118385546, 9.18308318979
VIA SELVANESCO;65;4350;20142;5;85;Parco delle Abbazie;9.18390505665;45.4108354641;45.4108354641, 9.18390505665
VIA SELVANESCO;73P01;4350;20142;5;41;GRATOSOGLIO - TICINELLO;9.17984797467;45.4147895866;45.4147895866, 9.17984797467
VIA QUINTOSOLE;38;4357;20141;5;39;QUINTOSOLE;9.20341249047;45.4027063539;45.4027063539, 9.20341249047
VIA QUINTOSOLE;42/23;4357;20141;5;39;QUINTOSOLE;9.20126431141;45.4054928195;45.4054928195, 9.20126431141
VIA QUINTOSOLE;46;4357;20141;5;39;QUINTOSOLE;9.20235411607;45.4021539462;45.4021539462, 9.20235411607
VIA CAMPORGNAGO;38;4358;20141;5;39;QUINTOSOLE;9.20586986248;45.3998710369;45.3998710369, 9.20586986248
VIA CAMPORGNAGO;40;4358;20141;5;39;QUINTOSOLE;9.20592014208;45.3985262744;45.3985262744, 9.20592014208
VIA ROGOREDO;128;4373;20138;4;32;TRIULZO SUPERIORE;9.25226618681;45.4248271709;45.4248271709, 9.25226618681
VIA ROGOREDO;142;4373;20138;4;32;TRIULZO SUPERIORE;9.24948752966;45.4234273615;45.4234273615, 9.24948752966
VIA ARIALDO (SANT');69;4375;20141;5;85;Parco delle Abbazie;9.22412250077;45.4101890368;45.4101890368, 9.22412250077
VIA ARIALDO (SANT');90;4375;20139;5;85;Parco delle Abbazie;9.23303899322;45.414632823;45.414632823, 9.23303899322
VIA ARIALDO (SANT');91;4375;20139;5;85;Parco delle Abbazie;9.23272859834;45.4145865313;45.4145865313, 9.23272859834
VIA ARIALDO (SANT');129;4375;20139;5;85;Parco delle Abbazie;9.23674357718;45.4191894367;45.4191894367, 9.23674357718
VIA ARIALDO (SANT');131;4375;20139;5;85;Parco delle Abbazie;9.2328528587;45.4194252679;45.4194252679, 9.2328528587
VIA ARIALDO (SANT');133;4375;20139;5;85;Parco delle Abbazie;9.23289521606;45.4191102799;45.4191102799, 9.23289521606
VIA MARE (DEL);30;5318;20142;6;47;CANTALUPA;9.15977967321;45.4243290258;45.4243290258, 9.15977967321
VIA MARE (DEL);31;5318;20142;5;47;CANTALUPA;9.16059325939;45.4240760123;45.4240760123, 9.16059325939
VIA MARE (DEL);32;5318;20142;6;47;CANTALUPA;9.1595499147;45.4239219529;45.4239219529, 9.1595499147
VIA MARE (DEL);33;5318;20142;5;47;CANTALUPA;9.16037917379;45.4237226169;45.4237226169, 9.16037917379
VIA MARE (DEL);34;5318;20142;6;47;CANTALUPA;9.15508532906;45.4192177871;45.4192177871, 9.15508532906
VIA MARE (DEL);35;5318;20142;5;47;CANTALUPA;9.1587902975;45.4211004946;45.4211004946, 9.1587902975
VIA MARE (DEL);98;5318;20142;6;86;Parco dei Navigli;9.15283763013;45.4162018395;45.4162018395, 9.15283763013
VIA CHIESA ROSSA (DELLA);265;5321;20142;5;41;GRATOSOGLIO - TICINELLO;9.16456524846;45.4115447285;45.4115447285, 9.16456524846
VIA CHIESA ROSSA (DELLA);351;5321;20142;5;41;GRATOSOGLIO - TICINELLO;9.16188199867;45.4063714709;45.4063714709, 9.16188199867
VIA CHIESA ROSSA (DELLA);379;5321;20142;5;41;GRATOSOGLIO - TICINELLO;9.15740798521;45.4045294995;45.4045294995, 9.15740798521
VIA CHIESA ROSSA (DELLA);383;5321;20142;5;41;GRATOSOGLIO - TICINELLO;9.15727240788;45.4043111386;45.4043111386, 9.15727240788
VIA MISSAGLIA (DEI);57B;5340;20142;5;41;GRATOSOGLIO - TICINELLO;9.17951574085;45.4216750725;45.4216750725, 9.17951574085
VIA MISSAGLIA (DEI);57C;5340;20142;5;41;GRATOSOGLIO - TICINELLO;9.18033762028;45.4216601073;45.4216601073, 9.18033762028
VIA MISSAGLIA (DEI);131/11;5340;20142;5;41;GRATOSOGLIO - TICINELLO;9.1771501066;45.4064667766;45.4064667766, 9.1771501066
VIA MISSAGLIA (DEI);131/13;5340;20142;5;41;GRATOSOGLIO - TICINELLO;9.17685683001;45.4064682202;45.4064682202, 9.17685683001
VIA MISSAGLIA (DEI);131/15;5340;20142;5;41;GRATOSOGLIO - TICINELLO;9.17657122414;45.4064771677;45.4064771677, 9.17657122414
VIA MISSAGLIA (DEI);131;5340;20142;5;41;GRATOSOGLIO - TICINELLO;9.17686211031;45.4060852886;45.4060852886, 9.17686211031
VIA CHIODI CESARE;5;5345;20142;6;48;RONCHETTO S/N;9.14082630678;45.438201197;45.438201197, 9.14082630678
VIA BOFFALORA;40;5359;20142;5;42;STADERA;9.16230524531;45.4257632761;45.4257632761, 9.16230524531
VIA BARDOLINO;31;5360;20142;6;86;Parco dei Navigli;9.14094340038;45.4253519023;45.4253519023, 9.14094340038
VIA BARDOLINO;33;5360;20142;6;86;Parco dei Navigli;9.14311354056;45.4236188508;45.4236188508, 9.14311354056
VIA BARDOLINO;90;5360;20142;6;86;Parco dei Navigli;9.13567188417;45.4204658546;45.4204658546, 9.13567188417
VIA VALPOLICELLA;4;5361;20142;6;86;Parco dei Navigli;9.13903665522;45.4283211488;45.4283211488, 9.13903665522
VIA BUCCINASCO;44;5362;20142;6;86;Parco dei Navigli;9.13167949347;45.4240132808;45.4240132808, 9.13167949347
VIA BUCCINASCO;45;5362;20142;6;86;Parco dei Navigli;9.12645362335;45.4311557344;45.4311557344, 9.12645362335
VIA BUCCINASCO;48;5362;20142;6;86;Parco dei Navigli;9.12711988853;45.4298895138;45.4298895138, 9.12711988853
VIA BUCCINASCO;50;5362;20142;6;86;Parco dei Navigli;9.13025562152;45.4305263723;45.4305263723, 9.13025562152
VIA BUCCINASCO;59;5362;20142;6;86;Parco dei Navigli;9.13188145989;45.4307634541;45.4307634541, 9.13188145989
VIA MERULA GIORGIO;66;5363;20142;6;48;RONCHETTO S/N;9.13244382323;45.4349787448;45.4349787448, 9.13244382323
VIA TRE CASTELLI;51;5364;20142;6;48;RONCHETTO S/N;9.13618545191;45.435497084;45.435497084, 9.13618545191
VIA TRE CASTELLI;55;5364;20142;6;48;RONCHETTO S/N;9.13456709291;45.4356916476;45.4356916476, 9.13456709291
VIA GIORDANI PIETRO;21;5377;20147;6;49;GIAMBELLINO;9.12385498229;45.4407962383;45.4407962383, 9.12385498229
VIA MANDURIA;4;5400;20142;5;85;Parco delle Abbazie;9.19423315456;45.4183618254;45.4183618254, 9.19423315456
VIA MANDURIA;69;5400;20142;5;85;Parco delle Abbazie;9.19094349973;45.4069528113;45.4069528113, 9.19094349973
VIA MARCHETTO (SAN);3;5406;20142;6;86;Parco dei Navigli;9.13995265294;45.4216929431;45.4216929431, 9.13995265294
VIA MARCHETTO (SAN);11;5406;20142;6;86;Parco dei Navigli;9.14307293132;45.4207170134;45.4207170134, 9.14307293132
VIA MARCHETTO (SAN);19;5406;20142;6;86;Parco dei Navigli;9.1453072678;45.4182243584;45.4182243584, 9.1453072678
VIA MARCHETTO (SAN);20;5406;20142;6;86;Parco dei Navigli;9.14519293113;45.418354033;45.418354033, 9.14519293113
VIA MARCHETTO (SAN);21;5406;20142;6;86;Parco dei Navigli;9.14542696203;45.4180842478;45.4180842478, 9.14542696203
VIA MARCHETTO (SAN);32;5406;20142;6;86;Parco dei Navigli;9.14779514839;45.4149530219;45.4149530219, 9.14779514839
VIA GATTINARA;62;5427;20142;5;86;Parco dei Navigli;9.15536881491;45.4170810973;45.4170810973, 9.15536881491
VIA GATTINARA;64;5427;20142;5;86;Parco dei Navigli;9.15507864829;45.4172895242;45.4172895242, 9.15507864829
VIA GATTINARA;90;5427;20142;6;86;Parco dei Navigli;9.15033540615;45.4145402553;45.4145402553, 9.15033540615
VIA DE PRETIS AGOSTINO;66/26;5431;20142;6;86;Parco dei Navigli;9.15085672905;45.4277766345;45.4277766345, 9.15085672905
VIA ROZZANO;25;5444;20142;5;41;GRATOSOGLIO - TICINELLO;9.15769360186;45.4027500618;45.4027500618, 9.15769360186
VIA ROZZANO;30;5444;20142;5;41;GRATOSOGLIO - TICINELLO;9.15841980623;45.4027167186;45.4027167186, 9.15841980623
VIA ROZZANO;70;5444;20142;5;41;GRATOSOGLIO - TICINELLO;9.16646731878;45.404460776;45.404460776, 9.16646731878
VIA SORA;6;6301;20153;7;88;Parco Bosco in città;9.10145575838;45.4806573167;45.4806573167, 9.10145575838
VIA MARCHESI POMPEO;59;6304;20153;7;56;FORZE ARMATE;9.10309893963;45.4702829069;45.4702829069, 9.10309893963
VIA MARCHESI POMPEO;91;6304;20153;7;88;Parco Bosco in città;9.0999745838;45.4694413675;45.4694413675, 9.0999745838
VIA AIRAGHI GAETANO;100;6330;20153;7;88;Parco Bosco in città;9.07896983896;45.4766725791;45.4766725791, 9.07896983896
VIA AIRAGHI GAETANO;102;6330;20153;7;88;Parco Bosco in città;9.0789780792;45.4765810158;45.4765810158, 9.0789780792
VIA AIRAGHI GAETANO;104;6330;20153;7;88;Parco Bosco in città;9.0768271441;45.4786566489;45.4786566489, 9.0768271441
VIA AIRAGHI GAETANO;120/2;6330;20153;7;88;Parco Bosco in città;9.07614329171;45.4734238403;45.4734238403, 9.07614329171
VIA AIRAGHI GAETANO;120/6;6330;20153;7;88;Parco Bosco in città;9.07709961121;45.4742413749;45.4742413749, 9.07709961121
VIA AIRAGHI GAETANO;120/9;6330;20153;7;88;Parco Bosco in città;9.07608554441;45.4747433269;45.4747433269, 9.07608554441
VIA AIRAGHI GAETANO;123;6330;20153;7;88;Parco Bosco in città;9.07587070423;45.4713056592;45.4713056592, 9.07587070423
VIA AIRAGHI GAETANO;127;6330;20153;7;88;Parco Bosco in città;9.07863346031;45.4713555916;45.4713555916, 9.07863346031
VIA AIRAGHI GAETANO;129;6330;20153;7;88;Parco Bosco in città;9.07868498228;45.4712478592;45.4712478592, 9.07868498228
VIA ARPINO;40;6331;20153;7;62;QUINTO ROMANO;9.09194855445;45.4799259761;45.4799259761, 9.09194855445
VIA ARPINO;42;6331;20153;7;62;QUINTO ROMANO;9.09287816434;45.4807062406;45.4807062406, 9.09287816434
VIA CAIO MARIO;53;6480;20153;7;62;QUINTO ROMANO;9.08451411063;45.4801111767;45.4801111767, 9.08451411063
VIA IPPODROMO;134;6492;20151;7;60;S. SIRO;9.11348119696;45.4845996615;45.4845996615, 9.11348119696
VIA IPPODROMO;135;6492;20151;7;60;S. SIRO;9.11330499152;45.4841354924;45.4841354924, 9.11330499152
VIA IPPODROMO;165;6492;20151;7;60;S. SIRO;9.11125214437;45.4858703777;45.4858703777, 9.11125214437
VIA MILESI BIANCA;14;6676;20152;7;56;FORZE ARMATE;9.10234990997;45.461998438;45.461998438, 9.10234990997
VIA NOVARA;286;6624;20153;7;88;Parco Bosco in città;9.10086926719;45.4804654818;45.4804654818, 9.10086926719
VIA NOVARA;290;6624;20153;7;88;Parco Bosco in città;9.10027586976;45.4807954542;45.4807954542, 9.10027586976
VIA NOVARA;300;6624;20153;7;88;Parco Bosco in città;9.09772854945;45.4817268077;45.4817268077, 9.09772854945
VIA NOVARA;342;6624;20153;7;88;Parco Bosco in città;9.09353305056;45.4823736452;45.4823736452, 9.09353305056
VIA NOVARA;451;6624;20153;7;88;Parco Bosco in città;9.08055981209;45.4858862164;45.4858862164, 9.08055981209
VIA NOVARA;525;6624;20153;7;63;FIGINO;9.07381796846;45.4885877771;45.4885877771, 9.07381796846
VIA NOVARA;558;6624;20153;7;63;FIGINO;9.06987261534;45.4892947281;45.4892947281, 9.06987261534
VIA NOVARA;570;6624;20153;7;63;FIGINO;9.06885440282;45.4890487399;45.4890487399, 9.06885440282
VIA NOVARA;590;6624;20153;7;88;Parco Bosco in città;9.06513787306;45.4886069289;45.4886069289, 9.06513787306
VIA BROGGINI BONAVENTURA;30;6700;20152;7;55;BAGGIO;9.09602768827;45.4653140656;45.4653140656, 9.09602768827
VIA BROGGINI BONAVENTURA;45;6700;20153;7;88;Parco Bosco in città;9.09442244737;45.4678386205;45.4678386205, 9.09442244737
VIA MUGGIANO;14;6715;20152;7;87;Parco Agricolo Sud;9.07030596623;45.4482118403;45.4482118403, 9.07030596623
VIA MUGGIANO;18/10;6715;20152;7;87;Parco Agricolo Sud;9.07333362022;45.4446293396;45.4446293396, 9.07333362022
VIA MUGGIANO;18/11;6715;20152;7;87;Parco Agricolo Sud;9.07472626044;45.4455449555;45.4455449555, 9.07472626044
VIA MUGGIANO;50;6715;20152;7;87;Parco Agricolo Sud;9.07737899625;45.4493125276;45.4493125276, 9.07737899625
VIA MUGGIANO;54;6715;20152;7;87;Parco Agricolo Sud;9.07649320707;45.4491611959;45.4491611959, 9.07649320707
VIA MUGGIANO;66;6715;20152;7;87;Parco Agricolo Sud;9.07695166318;45.4465559022;45.4465559022, 9.07695166318
VIA STIGLIANO;56;6720;20153;7;87;Parco Agricolo Sud;9.04774860379;45.458494889;45.458494889, 9.04774860379
VIA STIGLIANO;59;6720;20153;7;87;Parco Agricolo Sud;9.04783719475;45.4588681788;45.4588681788, 9.04783719475
VIA STIGLIANO;60;6720;20153;7;87;Parco Agricolo Sud;9.04814809897;45.4588540615;45.4588540615, 9.04814809897
VIA STIGLIANO;62;6720;20153;7;87;Parco Agricolo Sud;9.0487014037;45.4593367607;45.4593367607, 9.0487014037
VIA SETTIMO MILANESE;25;6721;20153;7;87;Parco Agricolo Sud;9.06193579589;45.4580944587;45.4580944587, 9.06193579589
VIA MARTIRANO;71;6725;20152;7;87;Parco Agricolo Sud;9.05963001819;45.4389440616;45.4389440616, 9.05963001819
VIA MOLINETTO;51;6730;20153;7;63;FIGINO;9.06852445072;45.4920677497;45.4920677497, 9.06852445072
VIA MOLINETTO;53;6730;20153;7;63;FIGINO;9.06855410949;45.4925620782;45.4925620782, 9.06855410949
VIA MOLINETTO;60;6730;20153;7;88;Parco Bosco in città;9.06541640649;45.4956944383;45.4956944383, 9.06541640649
VIA MOLINETTO;61;6730;20153;7;88;Parco Bosco in città;9.06338585283;45.4931474408;45.4931474408, 9.06338585283
VIA MOLINETTO;63;6730;20153;7;88;Parco Bosco in città;9.06312721439;45.4933617214;45.4933617214, 9.06312721439
VIA MOLINETTO;64;6730;20153;7;63;FIGINO;9.06946889269;45.4922066218;45.4922066218, 9.06946889269
VIA MOLINETTO;79;6730;20153;7;88;Parco Bosco in città;9.05848129482;45.4984464487;45.4984464487, 9.05848129482
VIA MOLINETTO;80;6730;20153;7;88;Parco Bosco in città;9.05851837009;45.4987520742;45.4987520742, 9.05851837009
VIA SILLA LUCIO CORNELIO;249;6732;20153;7;88;Parco Bosco in città;9.07013824897;45.5012446813;45.5012446813, 9.07013824897
VIA SILLA LUCIO CORNELIO;251;6732;20153;7;88;Parco Bosco in città;9.06902879995;45.5012982144;45.5012982144, 9.06902879995
VIA SILLA LUCIO CORNELIO;253;6732;20153;7;88;Parco Bosco in città;9.06716852554;45.5028192339;45.5028192339, 9.06716852554
VIA RIZZARDI (F.LLI);75;6736;20151;8;65;GALLARATESE;9.09388274673;45.5005621873;45.5005621873, 9.09388274673
VIA RIZZARDI (F.LLI);81;6736;20151;8;88;Parco Bosco in città;9.09141153978;45.4980350389;45.4980350389, 9.09141153978
VIA RIZZARDI (F.LLI);197;6736;20151;8;65;GALLARATESE;9.09144523199;45.503688414;45.503688414, 9.09144523199
VIA RIZZARDI (F.LLI);203;6736;20151;8;65;GALLARATESE;9.09192833876;45.5064947606;45.5064947606, 9.09192833876
VIA ROMANO' ANTONIO;1;6740;20151;8;64;TRENNO;9.09850581854;45.4912040396;45.4912040396, 9.09850581854
VIA ROMANO' ANTONIO;2;6740;20151;8;64;TRENNO;9.09818464568;45.4913009539;45.4913009539, 9.09818464568
VIA ROMANO' ANTONIO;42;6740;20151;8;88;Parco Bosco in città;9.09499881274;45.4906514392;45.4906514392, 9.09499881274
VIA ROMANO' ANTONIO;43;6740;20151;8;88;Parco Bosco in città;9.09530768857;45.490246183;45.490246183, 9.09530768857
VIA ROMANO' ANTONIO;44;6740;20151;8;88;Parco Bosco in città;9.09520441016;45.4903790877;45.4903790877, 9.09520441016
VIA CASCINA BELLARIA;90;6744;20153;7;88;Parco Bosco in città;9.10481176906;45.4834902969;45.4834902969, 9.10481176906
VIA CASCINA BELLARIA;97;6744;20153;7;88;Parco Bosco in città;9.10067472264;45.4832849361;45.4832849361, 9.10067472264
VIA SCANINI ALESSANDRO;102;6755;20153;7;88;Parco Bosco in città;9.08985159732;45.471007833;45.471007833, 9.08985159732
VIA BUDRIO;34;6780;20153;7;88;Parco Bosco in città;9.08120141402;45.4669403623;45.4669403623, 9.08120141402
VIA SEGURO;111;6783;20153;7;55;BAGGIO;9.07561571294;45.4633286357;45.4633286357, 9.07561571294
VIA SEGURO;113;6783;20153;7;55;BAGGIO;9.07560308263;45.4633254559;45.4633254559, 9.07560308263
VIA FROSINONE;66;6784;20153;7;55;BAGGIO;9.07605104551;45.4613040225;45.4613040225, 9.07605104551
VIA CUSAGO;151;6785;20153;7;55;BAGGIO;9.07465485246;45.4575436918;45.4575436918, 9.07465485246
VIA CUSAGO;201;6785;20152;7;87;Parco Agricolo Sud;9.06387150453;45.4560758441;45.4560758441, 9.06387150453
VIA CUSAGO;203;6785;20152;7;87;Parco Agricolo Sud;9.06311626033;45.4558703179;45.4558703179, 9.06311626033
VIA CUSAGO;251;6785;20152;7;87;Parco Agricolo Sud;9.06022572788;45.4551131098;45.4551131098, 9.06022572788
VIA CUSAGO;253;6785;20152;7;87;Parco Agricolo Sud;9.05802480783;45.4540509585;45.4540509585, 9.05802480783
VIA CUSAGO;255;6785;20152;7;87;Parco Agricolo Sud;9.05772912645;45.4542296073;45.4542296073, 9.05772912645
VIA CUSAGO;275;6785;20153;7;87;Parco Agricolo Sud;9.048823933;45.450828668;45.450828668, 9.048823933
VIA CUSAGO;301;6785;20153;7;87;Parco Agricolo Sud;9.05136792865;45.4525088574;45.4525088574, 9.05136792865
VIA MOSCA ANTONIO;82;6788;20153;7;55;BAGGIO;9.07937150985;45.4579061531;45.4579061531, 9.07937150985
VIA GOZZOLI BENOZZO;130;6789;20152;7;55;BAGGIO;9.09710322679;45.4507280125;45.4507280125, 9.09710322679
VIA KULISCIOFF ANNA;37;6812;20152;6;53;LORENTEGGIO;9.11290801073;45.4464227064;45.4464227064, 9.11290801073
VIA KULISCIOFF ANNA;35;6812;20152;6;53;LORENTEGGIO;9.11324853959;45.4465200312;45.4465200312, 9.11324853959
VIA KULISCIOFF ANNA;38;6812;20152;6;53;LORENTEGGIO;9.11245838506;45.4466498759;45.4466498759, 9.11245838506
VIA SALICI (DEI);19;6829;20152;7;55;BAGGIO;9.08052918134;45.451104279;45.451104279, 9.08052918134
VIA SALICI (DEI);21;6829;20152;7;55;BAGGIO;9.08036375658;45.4510457173;45.4510457173, 9.08036375658
VIA RASARIO GIOVANNI BATTISTA;6A;6840;20153;7;63;FIGINO;9.07276631345;45.490643808;45.490643808, 9.07276631345
VIA RASARIO GIOVANNI BATTISTA;6P01;6840;20153;7;63;FIGINO;9.07288370619;45.490815148;45.490815148, 9.07288370619
VIA RASARIO GIOVANNI BATTISTA;8A;6840;20153;7;63;FIGINO;9.0730004207;45.4904590577;45.4904590577, 9.0730004207
VIA RASARIO GIOVANNI BATTISTA;10A;6840;20153;7;63;FIGINO;9.07360081961;45.4908245821;45.4908245821, 9.07360081961
VIA RASARIO GIOVANNI BATTISTA;10B;6840;20153;7;63;FIGINO;9.07331952475;45.4907687223;45.4907687223, 9.07331952475
VIA RASARIO GIOVANNI BATTISTA;10C;6840;20153;7;63;FIGINO;9.07318813087;45.4906369508;45.4906369508, 9.07318813087
VIA RASARIO GIOVANNI BATTISTA;12A;6840;20153;7;63;FIGINO;9.07372704368;45.4905805567;45.4905805567, 9.07372704368
VIA RASARIO GIOVANNI BATTISTA;12B;6840;20153;7;63;FIGINO;9.07351611386;45.4905675059;45.4905675059, 9.07351611386
VIA RASARIO GIOVANNI BATTISTA;14E;6840;20153;7;63;FIGINO;9.07415418092;45.491061573;45.491061573, 9.07415418092
VIA RASARIO GIOVANNI BATTISTA;14F;6840;20153;7;63;FIGINO;9.07469326082;45.4911205668;45.4911205668, 9.07469326082
VIA RASARIO GIOVANNI BATTISTA;14G;6840;20153;7;63;FIGINO;9.07520895848;45.4912257126;45.4912257126, 9.07520895848
VIA RASARIO GIOVANNI BATTISTA;14H;6840;20153;7;63;FIGINO;9.07557461861;45.4912815121;45.4912815121, 9.07557461861
VIA RASARIO GIOVANNI BATTISTA;16A;6840;20153;7;63;FIGINO;9.07433647065;45.4906823608;45.4906823608, 9.07433647065
VIA RASARIO GIOVANNI BATTISTA;18A;6840;20153;7;63;FIGINO;9.07512423567;45.4909521648;45.4909521648, 9.07512423567
VIA RASARIO GIOVANNI BATTISTA;18B;6840;20153;7;63;FIGINO;9.07478652481;45.4907677758;45.4907677758, 9.07478652481
VIA RASARIO GIOVANNI BATTISTA;18C;6840;20153;7;63;FIGINO;9.07535371839;45.490826739;45.490826739, 9.07535371839
VIA RASARIO GIOVANNI BATTISTA;18E;6840;20153;7;63;FIGINO;9.07556944342;45.4909221968;45.4909221968, 9.07556944342
VIA RASARIO GIOVANNI BATTISTA;18F;6840;20153;7;63;FIGINO;9.07559772597;45.4910375617;45.4910375617, 9.07559772597
VIA RASARIO GIOVANNI BATTISTA;22A;6840;20153;7;63;FIGINO;9.07625918696;45.4914854445;45.4914854445, 9.07625918696
VIA RASARIO GIOVANNI BATTISTA;24A;6840;20153;7;63;FIGINO;9.07638545865;45.4912842786;45.4912842786, 9.07638545865
VIA RASARIO GIOVANNI BATTISTA;24B;6840;20153;7;63;FIGINO;9.07586040414;45.4911989104;45.4911989104, 9.07586040414
VIA RASARIO GIOVANNI BATTISTA;26A;6840;20153;7;63;FIGINO;9.07668556063;45.4913895607;45.4913895607, 9.07668556063
VIA RASARIO GIOVANNI BATTISTA;28B;6840;20153;7;63;FIGINO;9.07700897569;45.4913959418;45.4913959418, 9.07700897569
VIA LOMBARDI RICCARDO;13;6893;20153;7;87;Parco Agricolo Sud;9.06704330219;45.4610295715;45.4610295715, 9.06704330219
VIA LOMBARDI RICCARDO;19/11;6893;20153;7;87;Parco Agricolo Sud;9.06387707049;45.4623340882;45.4623340882, 9.06387707049
VIA PERTINI SANDRO;9;6899;20152;7;87;Parco Agricolo Sud;9.0724662465;45.4567447714;45.4567447714, 9.0724662465
VIA MENGONI LUIGI;5A;6930;20152;6;53;LORENTEGGIO;9.10582311037;45.4521700104;45.4521700104, 9.10582311037
VIA MENGONI LUIGI;5P02;6930;20152;6;53;LORENTEGGIO;9.10591840366;45.4522238952;45.4522238952, 9.10591840366
VIA JONA EMANUELE;35/5;7361;20151;8;72;MAGGIORE - MUSOCCO;9.10627115769;45.5097107385;45.5097107385, 9.10627115769
VIA GALLARATE;437;7420;20151;8;65;GALLARATESE;9.09674792603;45.5064461733;45.5064461733, 9.09674792603
VIA TRIBONIANO;220;7444;20157;8;72;MAGGIORE - MUSOCCO;9.10866817638;45.5125537666;45.5125537666, 9.10866817638
VIA TRIBONIANO;240A;7444;20157;8;72;MAGGIORE - MUSOCCO;9.10733252978;45.5130565449;45.5130565449, 9.10733252978
VIA TRIBONIANO;240;7444;20156;8;72;MAGGIORE - MUSOCCO;9.10754849645;45.5125907105;45.5125907105, 9.10754849645
VIA TRIBONIANO;242;7444;20157;8;72;MAGGIORE - MUSOCCO;9.10727088289;45.5127662812;45.5127662812, 9.10727088289
VIA TRIBONIANO;244;7444;20157;8;72;MAGGIORE - MUSOCCO;9.1070711344;45.5127443943;45.5127443943, 9.1070711344
VIA TRIBONIANO;256;7444;20157;8;72;MAGGIORE - MUSOCCO;9.10556972527;45.5134189898;45.5134189898, 9.10556972527
VIA GRASSI GIOVANNI BATTISTA;100A;7465;20157;8;74;SACCO;9.11062142193;45.5224412354;45.5224412354, 9.11062142193
VIA GRASSI GIOVANNI BATTISTA;100;7465;20157;8;74;SACCO;9.1101916176;45.5218294709;45.5218294709, 9.1101916176
VIA GRASSI GIOVANNI BATTISTA;301;7465;20157;8;73;CNA TRIULZA - EXPO;9.10118009237;45.5315188412;45.5315188412, 9.10118009237
VIA BELGIOIOSO CRISTINA;40;7501;20157;8;73;CNA TRIULZA - EXPO;9.1132881562;45.5185640143;45.5185640143, 9.1132881562
VIA BELGIOIOSO CRISTINA;118;7501;20157;8;73;CNA TRIULZA - EXPO;9.10215262376;45.5234488685;45.5234488685, 9.10215262376
VIA BELGIOIOSO CRISTINA;120;7501;20157;8;73;CNA TRIULZA - EXPO;9.10142167899;45.5231073125;45.5231073125, 9.10142167899
VIA BELGIOIOSO CRISTINA;165/11;7501;20157;8;73;CNA TRIULZA - EXPO;9.09737136043;45.5203383132;45.5203383132, 9.09737136043
VIA BELGIOIOSO CRISTINA;171;7501;20157;8;73;CNA TRIULZA - EXPO;9.09945571779;45.5221798657;45.5221798657, 9.09945571779
VIA BELGIOIOSO CRISTINA;220;7501;20157;8;73;CNA TRIULZA - EXPO;9.0932596492;45.5259200221;45.5259200221, 9.0932596492
VIA BELGIOIOSO CRISTINA;230;7501;20157;8;73;CNA TRIULZA - EXPO;9.09461798006;45.5270536494;45.5270536494, 9.09461798006
VIA CILEA FRANCESCO;161M01;7526;20151;8;65;GALLARATESE;9.0932499447;45.5049694377;45.5049694377, 9.0932499447
VIA DAIMLER GOTTLIEB WILHELM;22;7587;20151;8;72;MAGGIORE - MUSOCCO;9.0988281691;45.511777658;45.511777658, 9.0988281691
VIA PASOLINI PIER PAOLO;3;7614;20151;8;72;MAGGIORE - MUSOCCO;9.10342865637;45.5068026333;45.5068026333, 9.10342865637
VIA DAIMLER GOTTLIEB WILHELM;57;7587;20151;8;72;MAGGIORE - MUSOCCO;9.09880707127;45.510766939;45.510766939, 9.09880707127
VIA AIRAGHI GAETANO;125;6330;20153;7;88;Parco Bosco in città;9.07764320425;45.47134436;45.47134436, 9.07764320425
VIA TRE CASTELLI;57;5364;20142;6;48;RONCHETTO S/N;9.13447838967;45.4356901259;45.4356901259, 9.13447838967
VIA TRE CASTELLI;59;5364;20142;6;48;RONCHETTO S/N;9.13429370323;45.4356762694;45.4356762694, 9.13429370323
VIA ROZZANO;21;5444;20142;5;41;GRATOSOGLIO - TICINELLO;9.15629409941;45.4017345805;45.4017345805, 9.15629409941
VIA GRASSI GIOVANNI BATTISTA;97;7465;20157;8;74;SACCO;9.11589190508;45.5191904899;45.5191904899, 9.11589190508
VIA MOLINETTO;65;6730;20153;7;88;Parco Bosco in città;9.06307787082;45.4935486655;45.4935486655, 9.06307787082
VIA MOLINETTO;67;6730;20153;7;88;Parco Bosco in città;9.06298067401;45.4936834408;45.4936834408, 9.06298067401
VIA NOCE TERESA;5P01;5458;20142;5;41;GRATOSOGLIO - TICINELLO;9.1705827661;45.4170813584;45.4170813584, 9.1705827661
VIA DE CHIRICO GIORGIO;6E;6865;20151;8;88;Parco Bosco in città;9.09783782591;45.4926161201;45.4926161201, 9.09783782591
VIA DE CHIRICO GIORGIO;6F;6865;20151;8;88;Parco Bosco in città;9.09784369909;45.4922642535;45.4922642535, 9.09784369909
VIA DE CHIRICO GIORGIO;6G;6865;20151;8;88;Parco Bosco in città;9.09785455523;45.4920816333;45.4920816333, 9.09785455523
VIA DE CHIRICO GIORGIO;6H;6865;20151;8;88;Parco Bosco in città;9.09786030176;45.491646751;45.491646751, 9.09786030176
VIA IMPASTATO GIUSEPPE;29;3388;20138;4;32;TRIULZO SUPERIORE;9.25949463436;45.4317700594;45.4317700594, 9.25949463436
VIA IMPASTATO GIUSEPPE;27;3388;20138;4;32;TRIULZO SUPERIORE;9.25760336448;45.4304501237;45.4304501237, 9.25760336448
VIA ROSA BIANCA;4P02;5502;20142;5;42;STADERA;9.16580598176;45.4284849768;45.4284849768, 9.16580598176
VIA CILEA FRANCESCO;121;7526;20151;8;65;GALLARATESE;9.09189389107;45.5014835581;45.5014835581, 9.09189389107
VIA CAMPAZZINO;49/14;4251;20141;5;42;STADERA;9.19341581431;45.4316703401;45.4316703401, 9.19341581431
